global_step,callback_call,rollout,wall_time_s,env_id,episode,sample_index,episode_step,reward,episode_return,terminal,timeout,termination_reason,pin_x,pin_y,pin_z,pin_qw,pin_qx,pin_qy,pin_qz,pipe_x,pipe_y,pipe_z,pipe_qw,pipe_qx,pipe_qy,pipe_qz,center_x,center_y,center_z,center_qw,center_qx,center_qy,center_qz,ee_frame_x,ee_frame_y,ee_frame_z,ee_frame_qw,ee_frame_qx,ee_frame_qy,ee_frame_qz
20000000,4882,32,0.0,0,12,0,0,-0.015,-0.015,0,0,,0.035,-0.012,0.062,1.0,0.0,0.0,0.0,0.035,-0.012,0.055,1.0,0.0,0.0,-0.0,0.0,0.0,0.04,1.0,0.0,0.0,0.0,0.035,-0.012,0.107,1.0,0.0,0.0,0.0
20004096,4883,32,0.12,0,12,1,5,-0.014776536312849161,-0.029776536312849163,0,0,,0.03510521830411281,-0.011964905613901476,0.06264245810055866,0.9999997561717898,0.0,0.0,0.0006983239655893356,0.03507018877219705,-0.012,0.055022346368715086,0.999999960987485,0.0,0.0,-0.00027932960530609733,0.0,0.0,0.04,1.0,0.0,0.0,0.0,0.03521032857118771,-0.011964905613901476,0.10778285726800871,0.9999984600061593,0.0,0.0,0.00175498869223457
20008192,4884,32,0.24,0,12,2,10,-0.014553072625698323,-0.04432960893854748,0,0,,0.03520991825406535,-0.011929854463924796,0.06328491620111731,0.9999990246872782,0.0,0.0,0.001396647590636506,0.03514029107215041,-0.012,0.055044692737430165,0.9999998439499432,0.0,0.0,-0.0005586591888174938,0.0,0.0,0.04,1.0,0.0,0.0,0.0,0.03541897428696558,-0.011929854463924796,0.1085656712899055,0.9999938419266422,0.0,0.0,0.0035094314060560494
20012288,4885,32,0.36,0,12,3,15,-0.014329608938547485,-0.058659217877094966,0,0,,0.035313584049350345,-0.011894889732925107,0.06392737430167597,0.9999978055468217,0.0,0.0,0.0020949705345995116,0.03521022053414979,-0.012,0.05506703910614525,0.9999996488873836,0.0,0.0,-0.0008379887287394903,0.0,0.0,0.04,1.0,0.0,0.0,0.0,0.03562426974691553,-0.011894889732925107,0.10934839883289925,0.9999861514650972,0.0,0.0,0.0052627823462148
20016384,4886,32,0.48,0,12,4,20,-0.014106145251396647,-0.0727653631284916,0,0,,0.03541570498418598,-0.011860054497289768,0.06456983240223464,0.9999960987510151,0.0,0.0,0.0027932924569366857,0.03527989100542047,-0.012,0.055089385474860336,0.9999993757998215,0.0,0.0,-0.0011173182032773914,0.0,0.0,0.04,1.0,0.0,0.0,0.0,0.03582457830509036,-0.011860054497289768,0.11013099669083627,0.9999753981197197,0.0,0.0,0.007014496083689993
20020480,4887,32,0.6,0,12,5,25,-0.013882681564245809,-0.08664804469273742,0,0,,0.03551577796348944,-0.01182539167386845,0.0652122905027933,0.9999939043006906,0.0,0.0,0.003491613017106859,0.03534921665226311,-0.012,0.05511173184357542,0.9999990246872782,0.0,0.0,-0.001396647590636506,0.0,0.0,0.04,1.0,0.0,0.0,0.0,0.03601830906011341,-0.01182539167386845,0.11091342169750877,0.9999615951714335,0.0,0.0,0.008764027738558939
20024576,4888,32,0.72,0,12,6,30,-0.01365921787709497,-0.10030726256983238,0,0,,0.03561330998135657,-0.011790943967099772,0.06585474860335196,0.9999912221969183,0.0,0.0,0.004189931874569527,0.035418112065800464,-0.012,0.0551340782122905,0.999998595549781,0.0,0.0,-0.0016759768690221505,0.0,0.0,0.04,1.0,0.0,0.0,0.0,0.03620393138530484,-0.011790943967099772,0.1116956307399511,0.9999447596673671,0.0,0.0,0.010510833162572703
20028672,4889,32,0.84,0,12,7,35,-0.013435754189944133,-0.11374301675977652,0,0,,0.03570782054983761,-0.011756753816399623,0.06649720670391061,0.9999880524410062,0.0,0.0,0.004888248688785016,0.03548649236720076,-0.012,0.055156424581005586,0.9999980883873635,0.0,0.0,-0.00195530601663965,0.0,0.0,0.04,1.0,0.0,0.0,0.0,0.03637998885310587,-0.011756753816399623,0.11247758077171945,0.9999249123996451,0.0,0.0,0.01225436912134085
20032768,4890,32,0.96,0,12,8,40,-0.013212290502793295,-0.12695530726256982,0,0,,0.03579884406604366,-0.011722863343876015,0.06713966480446927,0.9999843950345001,0.0,0.0,0.005586563119214648,0.035554273312247975,-0.012,0.05517877094972067,0.9999975032000652,0.0,0.0,-0.002234635011694339,0.0,0.0,0.04,1.0,0.0,0.0,0.0,0.03654511241447721,-0.011722863343876015,0.11325922882615112,0.9999020778795212,0.0,0.0,0.013994093476028615
20036864,4891,32,1.08,0,12,9,45,-0.012988826815642458,-0.13994413407821227,0,0,,0.03588593210592241,-0.011689314302434814,0.06778212290502793,0.9999802499791833,0.0,0.0,0.006284874825320906,0.03562137139513038,-0.012,0.05520111731843576,0.9999968399879319,0.0,0.0,-0.0025139638323915642,0.0,0.0,0.04,1.0,0.0,0.0,0.0,0.03669803270182231,-0.011689314302434814,0.1140405320295993,0.9998762843068876,0.0,0.0,0.015729465364470663
20040960,4892,32,1.2,0,12,10,50,-0.01276536312849162,-0.15270949720670388,0,0,,0.035968655633403,-0.011656148024340379,0.0684245810055866,0.9999756172770775,0.0,0.0,0.006983183466567604,0.03568770395131925,-0.012,0.05522346368715084,0.9999960987510151,0.0,0.0,-0.0027932924569366857,0.0,0.0,0.04,1.0,0.0,0.0,0.0,0.0368375913332455,-0.011656148024340379,0.114821447614639,0.9998475635351978,0.0,0.0,0.01745994538160635
20045056,4893,32,1.3199999999999998,0,12,11,55,-0.012541899441340782,-0.16525139664804467,0,0,,0.03604660711402662,-0.011623405370294382,0.06906703910614526,0.9999704969304417,0.0,0.0,0.00768148870242005,0.03575318925941124,-0.012,0.05524581005586592,0.9999952794893728,0.0,0.0,-0.0030726208635350805,0.0,0.0,0.04,1.0,0.0,0.0,0.0,0.03696275110649813,-0.011623405370294382,0.11560193293324048,0.9998159510318495,0.0,0.0,0.019184995759142474
20049152,4894,32,1.44,0,12,12,60,-0.012318435754189944,-0.17756983240223462,0,0,,0.03611940252265033,-0.011591126679095625,0.06970949720670391,0.9999648889417729,0.0,0.0,0.008379790192345214,0.03581774664180875,-0.012,0.05526815642458101,0.999994382203069,0.0,0.0,-0.0033519490303921397,0.0,0.0,0.04,1.0,0.0,0.0,0.0,0.03707260498267954,-0.011591126679095625,0.11638194546990574,0.9997814858340773,0.0,0.0,0.02090408054435066
20053248,4895,32,1.56,0,12,13,65,-0.012094972067039106,-0.18966480446927372,0,0,,0.036186683235332896,-0.011559351717942824,0.07035195530726257,0.9999587933138059,0.0,0.0,0.009078087595811888,0.03588129656411435,-0.012,0.05529050279329609,0.9999934068921735,0.0,0.0,-0.0036312769357132765,0.0,0.0,0.04,1.0,0.0,0.0,0.0,0.03716638377251576,-0.011559351717942824,0.11716144285476436,0.9997442105004112,0.0,0.0,0.022616665777907673
20057344,4896,32,1.68,0,12,14,70,-0.011871508379888268,-0.20153631284916199,0,0,,0.036248117796082724,-0.011528119633441596,0.07099441340782123,0.9999522100495132,0.0,0.0,0.009776380572290862,0.03594376073311681,-0.012,0.05531284916201117,0.9999923535567626,0.0,0.0,-0.003910604557703921,0.0,0.0,0.04,1.0,0.0,0.0,0.0,0.037243462451700536,-0.011528119633441596,0.11794038287662424,0.9997041710577639,0.0,0.0,0.024322219670688528
20061440,4897,32,1.7999999999999998,0,12,15,75,-0.01164804469273743,-0.2131843575418994,0,0,,0.03630340354976375,-0.01149746890337603,0.07163687150837988,0.9999451391521051,0.0,0.0,0.01047466878125508,0.03600506219324794,-0.012,0.05533519553072626,0.9999912221969183,0.0,0.0,-0.004189931874569527,0.0,0.0,0.04,1.0,0.0,0.0,0.0,0.03730336504620166,-0.01149746890337603,0.11871872349597366,0.999661416944214,0.0,0.0,0.026020212779423752
20065536,4898,32,1.92,0,12,16,80,-0.011424581005586592,-0.224608938547486,0,0,,0.036352268133114984,-0.011467437289304229,0.07227932960893854,0.99993758062503,0.0,0.0,0.011172951882179817,0.03606512542139154,-0.012,0.055357541899441344,0.999990012812729,0.0,0.0,-0.004469258864515575,0.0,0.0,0.04,1.0,0.0,0.0,0.0,0.03734576804345506,-0.011467437289304229,0.11949642285793043,0.9996160009475576,0.0,0.0,0.02771011818113367
20069632,4899,32,2.04,0,12,17,85,-0.011201117318435753,-0.23581005586592177,0,0,,0.036394470816538245,-0.011438061790036248,0.0729217877094972,0.9999295344719737,0.0,0.0,0.011871229534542834,0.03612387641992751,-0.012,0.05537988826815642,0.9999887254042891,0.0,0.0,-0.004748585505747565,0.0,0.0,0.04,1.0,0.0,0.0,0.0,0.0373705023008283,-0.011438061790036248,0.1202734393051341,0.9995679791397083,0.0,0.0,0.02939141164625453
20073728,4900,32,2.16,0,12,18,90,-0.010977653631284915,-0.2467877094972067,0,0,,0.03642980369004382,-0.011409378596051727,0.07356424581005587,0.9999210006968601,0.0,0.0,0.012569501397824551,0.03618124280789655,-0.012,0.05540223463687151,0.9999873599716989,0.0,0.0,-0.00502791177647103,0.0,0.0,0.04,1.0,0.0,0.0,0.0,0.03737755343846461,-0.011409378596051727,0.12104973139057736,0.9995174108070263,0.0,0.0,0.031063571810373128
20077824,4901,32,2.28,0,12,19,95,-0.010754189944134077,-0.25754189944134076,0,0,,0.036458092687511455,-0.011381423044913392,0.07420670391061453,0.9999119793038506,0.0,0.0,0.01326776713150821,0.036237153910173216,-0.012,0.055424581005586594,0.999985916515065,0.0,0.0,-0.0053072376548915275,0.0,0.0,0.04,1.0,0.0,0.0,0.0,0.03736706071945198,-0.011381423044913392,0.12182525789037267,0.9994643583766687,0.0,0.0,0.032726080344488546
20081920,4902,32,2.4,0,12,20,100,-0.010530726256983241,-0.268072625698324,0,0,,0.036479198444220824,-0.011354229577731339,0.07484916201117318,0.9999024702973445,0.0,0.0,0.013966026395080045,0.036291540844537326,-0.012,0.05544692737430167,0.9999843950345001,0.0,0.0,-0.005586563119214648,0.0,0.0,0.04,1.0,0.0,0.0,0.0,0.03733931443602518,-0.011354229577731339,0.12259997781645016,0.9994088873390526,0.0,0.0,0.03437842212372173
20086016,4903,32,2.52,0,12,21,105,-0.010307262569832401,-0.2783798882681564,0,0,,0.036493016983426725,-0.011327831696731737,0.07549162011173184,0.9998924736819791,0.0,0.0,0.01466427884802944,0.03634433660653653,-0.012,0.05546927374301676,0.9999827955301228,0.0,0.0,-0.005865888147646014,0.0,0.0,0.04,1.0,0.0,0.0,0.0,0.03729475183603451,-0.011327831696731737,0.12337385042918286,0.9993510661665301,0.0,0.0,0.0360200853943959
20090112,4904,32,2.6399999999999997,0,12,22,110,-0.010083798882681565,-0.288463687150838,0,0,,0.036499480228596795,-0.011302261923982255,0.0761340782122905,0.9998819894626292,0.0,0.0,0.015362524149849104,0.0363954761520355,-0.012,0.055491620111731844,0.9999811180020579,0.0,0.0,-0.006145212718391282,0.0,0.0,0.04,1.0,0.0,0.0,0.0,0.03723395163903556,-0.011302261923982255,0.12414683524993544,0.9992909662283785,0.0,0.0,0.037650561939412894
20094208,4905,32,2.76,0,12,23,115,-0.009860335195530725,-0.2983240223463687,0,0,,0.03649855633878805,-0.011277551761325008,0.07677653631284917,0.9998710176444076,0.0,0.0,0.016060761960035235,0.03644489647734998,-0.012,0.05551396648044693,0.9999793624504365,0.0,0.0,-0.006424536809656143,0.0,0.0,0.04,1.0,0.0,0.0,0.0,0.03715762720590657,-0.011277551761325008,0.12491889207353254,0.9992286617022146,0.0,0.0,0.03926934724185324
20098304,4906,32,2.88,0,12,24,120,-0.009636871508379889,-0.30796089385474856,0,0,,0.036490249865510124,-0.011253731651566453,0.07741899441340783,0.9998595582326646,0.0,0.0,0.016758991938087678,0.0364925366968671,-0.012,0.05553631284916201,0.9999775288753953,0.0,0.0,-0.006703860399646328,0.0,0.0,0.04,1.0,0.0,0.0,0.0,0.03706661843972993,-0.011253731651566453,0.12568998098064282,0.9991642294819431,0.0,0.0,0.04087594064672991
20102400,4907,32,3.0,0,12,25,125,-0.009413407821229049,-0.31737430167597763,0,0,,0.03647460173030245,-0.011230830940971968,0.07806145251396648,0.9998476112329886,0.0,0.0,0.017457213743510103,0.03653833811805607,-0.012,0.055558659217877095,0.9999756172770775,0.0,0.0,-0.006983183466567604,0.0,0.0,0.04,1.0,0.0,0.0,0.0,0.03696188250863165,-0.011230830940971968,0.1264600623500751,0.9990977490823593,0.0,0.0,0.042469845520828414
20106496,4908,32,3.12,0,12,26,130,-0.009189944134078212,-0.32656424581005583,0,0,,0.036451689023135773,-0.011208877843111406,0.07870391061452514,0.9998351766512056,0.0,0.0,0.01815542703581017,0.03658224431377719,-0.012,0.05558100558659218,0.9999736276556324,0.0,0.0,-0.007262505988625783,0.0,0.0,0.04,1.0,0.0,0.0,0.0,0.0368444834932212,-0.011208877843111406,0.12722909687098255,0.9990293025405235,0.0,0.0,0.044050569410568396
20110592,4909,32,3.2399999999999998,0,12,27,135,-0.008966480446927372,-0.3355307262569832,0,0,,0.03642162462263119,-0.011187899404100103,0.0793463687150838,0.9998222544933794,0.0,0.0,0.018853631474499675,0.03662420119179979,-0.012,0.055603351955307266,0.9999715600112149,0.0,0.0,-0.007541827944026714,0.0,0.0,0.04,1.0,0.0,0.0,0.0,0.0367155810720858,-0.011187899404100103,0.12799704555497127,0.9989589743140336,0.0,0.0,0.04561762419782468
20114688,4910,32,3.36,0,12,28,140,-0.008743016759776536,-0.3442737430167597,0,0,,0.03638455663996773,-0.011167921469278185,0.07998882681564246,0.9998088447658114,0.0,0.0,0.019551826719094743,0.03666415706144364,-0.012,0.055625698324022345,0.9999694143439866,0.0,0.0,-0.007821149310976293,0.0,0.0,0.04,1.0,0.0,0.0,0.0,0.03657641836835463,-0.011167921469278185,0.1287638697481097,0.9988868511763251,0.0,0.0,0.047170526253648426
20118784,4911,32,3.48,0,12,29,145,-0.008519553072625698,-0.3527932960893854,0,0,,0.03634066768921799,-0.011148968651369226,0.08063128491620111,0.9997949474750413,0.0,0.0,0.02025001242911598,0.03670206269726155,-0.012,0.05564804469273743,0.9999671906541148,0.0,0.0,-0.008100470067680462,0.0,0.0,0.04,1.0,0.0,0.0,0.0,0.036428309088557424,-0.011148968651369226,0.12952953114283475,0.9988130221091285,0.0,0.0,0.048708796589831634
20122880,4912,32,3.5999999999999996,0,12,30,150,-0.00829608938547486,-0.3610893854748603,0,0,,0.03629017398770653,-0.011131064300157499,0.08127374301675977,0.999780562627846,0.0,0.0,0.020948188264088646,0.036737871399685006,-0.012,0.055670391061452516,0.9999648889417729,0.0,0.0,-0.008379790192345214,0.0,0.0,0.04,1.0,0.0,0.0,0.0,0.03627262409177527,-0.011131064300157499,0.1302939917897515,0.9987375781922219,0.0,0.0,0.05023196100826137
20126976,4913,32,3.7199999999999998,0,12,31,155,-0.00807262569832402,-0.3691620111731843,0,0,,0.036233324290823085,-0.011114230473721134,0.08191620111731844,0.9997656902312404,0.0,0.0,0.021646353883542812,0.036771539052557735,-0.012,0.055692737430167595,0.9999625092071408,0.0,0.0,-0.008659109663176585,0.0,0.0,0.04,1.0,0.0,0.0,0.0,0.03611077753234698,-0.011114230473721134,0.1310572141093226,0.9986606124906166,0.0,0.0,0.05173955024801267
20131072,4914,32,3.84,0,12,32,160,-0.007849162011173184,-0.3770111731843575,0,0,,0.03617039866653812,-0.011098487911256678,0.0825586592178771,0.999750330292477,0.0,0.0,0.022344508947013526,0.03680302417748665,-0.012,0.05571508379888268,0.9999600514504039,0.0,0.0,-0.008938428458380665,0.0,0.0,0.04,1.0,0.0,0.0,0.0,0.035944212723100395,-0.011098487911256678,0.13181916090344326,0.9985822199393177,0.0,0.0,0.05323110013013201
20135168,4915,32,3.96,0,12,33,165,-0.007625698324022346,-0.38463687150837983,0,0,,0.03610170711565815,-0.011083856007528495,0.08320111731843575,0.9997344828190463,0.0,0.0,0.02304265311404099,0.036832287984943014,-0.012,0.055737430167597767,0.9999575156717541,0.0,0.0,-0.009217746556163597,0.0,0.0,0.04,1.0,0.0,0.0,0.0,0.03577438786818839,-0.011083856007528495,0.1325797953668994,0.9985024972258053,0.0,0.0,0.05470615170006653
20139264,4916,32,4.08,0,12,34,170,-0.0074022346368715075,-0.39203910614525134,0,0,,0.036027588044618,-0.011070352788974504,0.08384357541899441,0.9997181478186764,0.0,0.0,0.023740786044170726,0.036859294422051,-0.012,0.05575977653631285,0.9999549018713892,0.0,0.0,-0.009497063934731579,0.0,0.0,0.04,1.0,0.0,0.0,0.0,0.035602761815104425,-0.011070352788974504,0.13333908109870443,0.9984215426703824,0.0,0.0,0.05616425136769615
20143360,4917,32,4.2,0,12,35,175,-0.007178770949720669,-0.39921787709497203,0,0,,0.03594840659833379,-0.0110579948914977,0.08448603351955307,0.9997013252993332,0.0,0.0,0.02443890739695372,0.036884010217004604,-0.012,0.05578212290502793,0.9999522100495132,0.0,0.0,-0.009776380572290862,0.0,0.0,0.04,1.0,0.0,0.0,0.0,0.03543077997433326,-0.0110579948914977,0.1340969821133115,0.9983394561045412,0.0,0.0,0.057604951044929964
20147456,4918,32,4.32,0,12,36,180,-0.006955307262569831,-0.40617318435754185,0,0,,0.03586455286132971,-0.011046797539970789,0.08512849162011174,0.9996840152692201,0.0,0.0,0.025137016831946617,0.03690640492005843,-0.012,0.05580446927374302,0.999949440206336,0.0,0.0,-0.01005569644704776,0.0,0.0,0.04,1.0,0.0,0.0,0.0,0.03525986055237374,-0.011046797539970789,0.13485346285169794,0.9982563387474991,0.0,0.0,0.05902780828082996
20151552,4919,32,4.4399999999999995,0,12,37,185,-0.006731843575418993,-0.41290502793296086,0,0,,0.035776439936000784,-0.01103677452947922,0.0857709497206704,0.9996662177367788,0.0,0.0,0.025835114008711864,0.036926450941041564,-0.012,0.0558268156424581,0.999946592342074,0.0,0.0,-0.01033501153720864,0.0,0.0,0.04,1.0,0.0,0.0,0.0,0.035091381239588784,-0.01103677452947922,0.1356084881923181,0.9981722930810585,0.0,0.0,0.06043238639422901
20155648,4920,32,4.56,0,12,38,190,-0.006508379888268155,-0.419413407821229,0,0,,0.035684501907478905,-0.011027938208325698,0.08641340782122905,0.9996479327106882,0.0,0.0,0.026533198586817894,0.03694412358334861,-0.012,0.05584916201117318,0.999943666456949,0.0,0.0,-0.010614325820979936,0.0,0.0,0.04,1.0,0.0,0.0,0.0,0.03492666648854269,-0.011027938208325698,0.13636202346192192,0.9980874227229488,0.0,0.0,0.0618182546038123
20159744,4921,32,4.68,0,12,39,195,-0.006284916201117319,-0.4256983240223463,0,0,,0.035589191705128136,-0.01102029946281714,0.08705586592178771,0.999629160199865,0.0,0.0,0.02723127022583928,0.036959401074365725,-0.012,0.05587150837988827,0.9999406625511896,0.0,0.0,-0.010893639276568142,0.0,0.0,0.04,1.0,0.0,0.0,0.0,0.03476697551124608,-0.01102029946281714,0.13711403444623455,0.9980018322988051,0.0,0.0,0.06318498815563463
20163840,4922,32,4.8,0,12,40,200,-0.006061452513966481,-0.4317597765363128,0,0,,0.035490978871204656,-0.011013867703852789,0.08769832402234637,0.9996099002134639,0.0,0.0,0.027929328585356905,0.036972264592294427,-0.012,0.05589385474860335,0.99993758062503,0.0,0.0,-0.011172951882179817,0.0,0.0,0.04,1.0,0.0,0.0,0.0,0.03461349111512855,-0.011013867703852789,0.13786448740049567,0.997915627312947,0.0,0.0,0.06453216844804882
20167936,4923,32,4.92,0,12,41,205,-0.005837988826815641,-0.43759776536312844,0,0,,0.035390347247673835,-0.011008650855330029,0.08834078212290503,0.999590152760877,0.0,0.0,0.028627373324958134,0.03698269828933995,-0.012,0.05591620111731844,0.9999344206787109,0.0,0.0,-0.01145226361602159,0.0,0.0,0.04,1.0,0.0,0.0,0.0,0.03446730948769535,-0.011008650855330029,0.13861334905985315,0.9978289140181155,0.0,0.0,0.06585938315402311
20172032,4924,32,5.04,0,12,42,210,-0.0056145251396648044,-0.44321229050279326,0,0,,0.03528779259258036,-0.011004655344382185,0.08898324022346368,0.9995699178517344,0.0,0.0,0.02932540410423696,0.036990689311235635,-0.012,0.05593854748603352,0.9999311827124786,0.0,0.0,-0.01173157445630015,0.0,0.0,0.04,1.0,0.0,0.0,0.0,0.034329431028811024,-0.011004655344382185,0.1393605866496098,0.9977417992843302,0.0,0.0,0.06716622634082853
20176128,4925,32,5.16,0,12,43,215,-0.005391061452513966,-0.4486033519553072,0,0,,0.035183820137714164,-0.011001886093460322,0.08962569832402234,0.9995491954959038,0.0,0.0,0.030023420582794193,0.03699622781307936,-0.012,0.0559608938547486,0.9999278667265858,0.0,0.0,-0.012010884381222262,0.0,0.0,0.04,1.0,0.0,0.0,0.0,0.03420075231751253,-0.011001886093460322,0.14010616789531832,0.9976543904670321,0.0,0.0,0.06845229858707955
20180224,4926,32,5.279999999999999,0,12,44,220,-0.005167597765363128,-0.45377094972067034,0,0,,0.03507894209960437,-0.011000346514268804,0.090268156424581,0.9995279857034906,0.0,0.0,0.030721422420237617,0.0369993069714624,-0.012,0.05598324022346369,0.9999244727212915,0.0,0.0,-0.01229019336899476,0.0,0.0,0.04,1.0,0.0,0.0,0.0,0.034082059287324364,-0.011000346514268804,0.140850061032723,0.9975667952746713,0.0,0.0,0.06971720709711446
20184320,4927,32,5.3999999999999995,0,12,45,225,-0.004944134078212288,-0.45871508379888265,0,0,,0.03497367515610312,-0.011000038503562097,0.09091061452513967,0.9995062884848378,0.0,0.0,0.031419409276182156,0.036999922992875814,-0.012,0.056005586592178774,0.9999210006968601,0.0,0.0,-0.012569501397824551,0.0,0.0,0.04,1.0,0.0,0.0,0.0,0.033974021670371925,-0.011000038503562097,0.1415922348175433,0.9974791216359071,0.0,0.0,0.07096056581270421
20188416,4928,32,5.52,0,12,46,230,-0.004720670391061452,-0.4634357541899441,0,0,,0.03486853790099085,-0.01100096244080797,0.09155307262569833,0.9994841038505262,0.0,0.0,0.03211738081025004,0.036998075118384065,-0.012,0.05602793296089385,0.9999174506535627,0.0,0.0,-0.012848808445918623,0.0,0.0,0.04,1.0,0.0,0.0,0.0,0.033877188756320877,-0.01100096244080797,0.14233265853509824,0.9973914775665823,0.0,0.0,0.07218199552208113
20192512,4929,32,5.64,0,12,47,235,-0.004497206703910614,-0.4679329608938547,0,0,,0.034764048289142875,-0.011003117187719997,0.09219553072625698,0.9994614318113743,0.0,0.0,0.03281533668207096,0.036993765624560006,-0.012,0.05605027932960894,0.9999138225916764,0.0,0.0,-0.013128114491484029,0.0,0.0,0.04,1.0,0.0,0.0,0.0,0.033791986497468576,-0.011003117187719997,0.14307130200976712,0.9973039710366369,0.0,0.0,0.0733811239662815
20196608,4930,32,5.76,0,12,48,240,-0.004273743016759776,-0.4722067039106145,0,0,,0.034660721084843416,-0.01100650008965992,0.09283798882681564,0.9994382723784382,0.0,0.0,0.033513276551282264,0.03698699982068016,-0.012,0.056072625698324025,0.9999101165114841,0.0,0.0,-0.013407419512727909,0.0,0.0,0.04,1.0,0.0,0.0,0.0,0.033718715976341115,-0.01100650008965992,0.14380813561428402,0.9972167098371257,0.0,0.0,0.07455758594279842
20200704,4931,32,5.88,0,12,49,245,-0.004050279329608938,-0.4762569832402234,0,0,,0.03455906532581809,-0.011011106978908147,0.09348044692737431,0.9994146255630119,0.0,0.0,0.03421120007752909,0.036977786042183707,-0.012,0.0560949720670391,0.9999063324132751,0.0,0.0,-0.013686723487857481,0.0,0.0,0.04,1.0,0.0,0.0,0.0,0.03365755323707477,-0.011011106978908147,0.14454313027886406,0.9971298014475015,0.0,0.0,0.07571102340654318
20204800,4932,32,6.0,0,12,50,250,-0.0038268156424580996,-0.48008379888268155,0,0,,0.03445958181547794,-0.011016932179798367,0.09412290502793297,0.9993904913766268,0.0,0.0,0.034909106920464554,0.03696613564040327,-0.012,0.05611731843575419,0.9999024702973445,0.0,0.0,-0.013966026395080045,0.0,0.0,0.04,1.0,0.0,0.0,0.0,0.033608550466847166,-0.011016932179798367,0.1452762575001572,0.9970433529033296,0.0,0.0,0.07684108556811672
20208896,4933,32,6.12,0,12,51,255,-0.0036033519553072633,-0.4836871508379888,0,0,,0.034362760655729636,-0.011023968515709947,0.09476536312849163,0.9993658698310521,0.0,0.0,0.035606996739749895,0.03695206296858011,-0.012,0.056139664804469275,0.9998985301639938,0.0,0.0,-0.014245328212602978,0.0,0.0,0.04,1.0,0.0,0.0,0.0,0.033571638498841046,-0.011023968515709947,0.14600748935002827,0.9969574706645933,0.0,0.0,0.0779474289893939
20212992,4934,32,6.24,0,12,52,260,-0.0033798882681564234,-0.48706703910614524,0,0,,0.0342690788325062,-0.011032207317909486,0.09540782122905028,0.9993407609382947,0.0,0.0,0.03630486919505467,0.03693558536418103,-0.012,0.05616201117318436,0.9998945120135303,0.0,0.0,-0.014524628918633757,0.0,0.0,0.04,1.0,0.0,0.0,0.0,0.03354663059383121,-0.011032207317909486,0.14673679848415902,0.9968722604847546,0.0,0.0,0.07902971767642568
20217088,4935,32,6.359999999999999,0,12,53,265,-0.0031564245810055853,-0.4902234636871508,0,0,,0.034178997865913066,-0.011041638436230667,0.09605027932960894,0.9993151647105991,0.0,0.0,0.03700272394605689,0.036916723127538666,-0.012,0.05618435754189944,0.9998904158462677,0.0,0.0,-0.014803928491379926,0.0,0.0,0.04,1.0,0.0,0.0,0.0,0.033533227443644405,-0.011041638436230667,0.1474641581504713,0.9967878272807276,0.0,0.0,0.08008762316966647
20221184,4936,32,6.4799999999999995,0,12,54,270,-0.0029329608938547472,-0.49315642458100556,0,0,,0.034092961536566053,-0.011052250251579208,0.0966927374301676,0.9992890811604475,0.0,0.0,0.0377005606524432,0.03689549949684159,-0.012,0.056206703910614525,0.9998862416625254,0.0,0.0,-0.015083226909049131,0.0,0.0,0.04,1.0,0.0,0.0,0.0,0.0335310233266023,-0.011052250251579208,0.14818954219736674,0.9967042750039249,0.0,0.0,0.08112082463153603
20225280,4937,32,6.6,0,12,55,275,-0.002709497206703909,-0.4958659217877095,0,0,,0.034011393699322226,-0.011064029690247532,0.09733519553072625,0.9992625103005597,0.0,0.0,0.03839837897390906,0.03687194061950494,-0.012,0.05622905027932961,0.9998819894626292,0.0,0.0,-0.015362524149849106,0.0,0.0,0.04,1.0,0.0,0.0,0.0,0.03353951333276382,-0.011064029690247532,0.14891292508178272,0.9966217065125353,0.0,0.0,0.08212900893132573
20229376,4938,32,6.72,0,12,56,280,-0.002486033519553071,-0.49835195530726256,0,0,,0.03393469619517433,-0.011076962240021516,0.09797765363128491,0.999235452143893,0.0,0.0,0.03909617857015888,0.03684607551995697,-0.012,0.056251396648044696,0.9998776592469109,0.0,0.0,-0.015641820191987673,0.0,0.0,0.04,1.0,0.0,0.0,0.0,0.033558101565468706,-0.011076962240021516,0.14963428187705943,0.9965402234451861,0.0,0.0,0.08311187072746277
20233472,4939,32,6.84,0,12,57,285,-0.0022625698324022347,-0.5006145251396648,0,0,,0.03386324687159568,-0.011091031968059476,0.09862011173184357,0.9992079067036427,0.0,0.0,0.03979395910090621,0.036817936063881056,-0.012,0.056273743016759775,0.9998732510157082,0.0,0.0,-0.015921115013672753,0.0,0.0,0.04,1.0,0.0,0.0,0.0,0.03358611021547169,-0.011091031968059476,0.15035358828061854,0.9964599260961453,0.0,0.0,0.08406911254714548
20237568,4940,32,6.96,0,12,58,290,-0.0020391061452513966,-0.5026536312849161,0,0,,0.03379739772108832,-0.011106221540521344,0.09926256983240223,0.9991798739932413,0.0,0.0,0.04049172022587389,0.03678755691895732,-0.012,0.05629608938547486,0.9998687647693653,0.0,0.0,-0.016200408593112357,0.0,0.0,0.04,1.0,0.0,0.0,0.0,0.03362278939495677,-0.011106221540521344,0.1510708206214484,0.9963809132922158,0.0,0.0,0.08500044486336547
20241664,4941,32,7.08,0,12,59,295,-0.0018156424581005585,-0.5044692737430166,0,0,,0.0337374731471047,-0.011122512243923893,0.0999050279329609,0.9991513540263594,0.0,0.0,0.04118946160479423,0.03675497551215222,-0.012,0.05631843575418995,0.999864200508232,0.0,0.0,-0.016479700908514597,0.0,0.0,0.04,1.0,0.0,0.0,0.0,0.033667327611029495,-0.011122512243923893,0.1517859558673957,0.9963032822714694,0.0,0.0,0.08590558616933351
20245760,4942,32,7.199999999999999,0,12,60,300,-0.0015921787709497204,-0.5060614525139664,0,0,,0.03368376836588584,-0.011139884008195646,0.10054748603351955,0.9991223468169046,0.0,0.0,0.04188718289740918,0.03672023198360871,-0.012,0.056340782122905025,0.9998595582326646,0.0,0.0,-0.016758991938087678,0.0,0.0,0.04,1.0,0.0,0.0,0.0,0.033718862751984366,-0.011139884008195646,0.15249897163225956,0.9962271285639694,0.0,0.0,0.08678426305032665
20249856,4943,32,7.319999999999999,0,12,61,305,-0.0013687150837988823,-0.5074301675977653,0,0,,0.033636547952089216,-0.01115831543140313,0.10118994413407821,0.9990928523790228,0.0,0.0,0.042584883763470444,0.03668336913719374,-0.012,0.05636312849162011,0.9998548379430252,0.0,0.0,-0.017038281660039914,0.0,0.0,0.04,1.0,0.0,0.0,0.0,0.033776493454799446,-0.01115831543140313,0.15320984618268707,0.9961525458746247,0.0,0.0,0.08763621025297595
20253952,4944,32,7.4399999999999995,0,12,62,310,-0.0011452513966480424,-0.5085754189944133,0,0,,0.0335960445353713,-0.011177783806117945,0.10183240223463688,0.9990628707270969,0.0,0.0,0.04328256386273974,0.03664443238776412,-0.012,0.0563854748603352,0.9998500396396821,0.0,0.0,-0.017317570052579716,0.0,0.0,0.04,1.0,0.0,0.0,0.0,0.033839290718971675,-0.011177783806117945,0.15391855844486782,0.9960796259683173,0.0,0.0,0.08846117075201489
20258048,4945,32,7.56,0,12,63,315,-0.0009217877094972043,-0.5094972067039105,0,0,,0.033562457654346005,-0.01119826514739221,0.10247486033519554,0.9990324018757477,0.0,0.0,0.04398022285498887,0.03660346970521559,-0.012,0.05640782122905028,0.9998451633230099,0.0,0.0,-0.017596857093915595,0.0,0.0,0.04,1.0,0.0,0.0,0.0,0.03390630963000563,-0.01119826514739221,0.15462508801102476,0.9960084585574436,0.0,0.0,0.08925889581450865
20262144,4946,32,7.68,0,12,64,320,-0.000698324022346368,-0.5101955307262569,0,0,,0.03353595277356492,-0.01121973422230792,0.1031173184357542,0.9990014458398336,0.0,0.0,0.04467786039999996,0.03656053155538416,-0.012,0.05643016759776536,0.9998402089933888,0.0,0.0,-0.01787614276225617,0.0,0.0,0.04,1.0,0.0,0.0,0.0,0.0339766010556221,-0.01121973422230792,0.15532941514570078,0.995939131192002,0.0,0.0,0.09002914506158681
20266240,4947,32,7.8,0,12,65,325,-0.0004748603351955299,-0.5106703910614524,0,0,,0.03351666046836223,-0.011242164581063783,0.10375977653631285,0.9989700026344506,0.0,0.0,0.04537547615756558,0.03651567083787244,-0.012,0.05645251396648045,0.9998351766512056,0.0,0.0,-0.01815542703581017,0.0,0.0,0.04,1.0,0.0,0.0,0.0,0.034049223179058,-0.011242164581063783,0.15603152079183705,0.9958717291523627,0.0,0.0,0.09077168652770075
20270336,4948,32,7.92,0,12,66,330,-0.0002513966480446918,-0.5109217877094971,0,0,,0.03350467578158,-0.011265528589561235,0.10440223463687151,0.9989380722749319,0.0,0.0,0.046073069787488916,0.03646894282087754,-0.012,0.05647486033519553,0.9998300662968527,0.0,0.0,-0.018434709892786436,0.0,0.0,0.04,1.0,0.0,0.0,0.0,0.03412325273666661,-0.011265528589561235,0.15673138657664357,0.9958063353448453,0.0,0.0,0.09148629671742876
20274432,4949,32,8.04,0,12,67,335,-2.793296089385368e-05,-0.510949720670391,0,0,,0.03350005775534315,-0.011289797463449549,0.10504469273743017,0.9989056547768488,0.0,0.0,0.04677064094958397,0.03642040507310091,-0.012,0.05649720670391061,0.9998248779307289,0.0,0.0,-0.018713991311393906,0.0,0.0,0.04,1.0,0.0,0.0,0.0,0.03419779583136089,-0.011289797463449549,0.15742899481725803,0.9957430302002328,0.0,0.0,0.09217276065985187
20278528,4950,32,8.16,0,12,68,340,0.00019553072625698442,-0.510754189944134,0,0,,0.03350282914019048,-0.011314941303588,0.10568715083798882,0.9988727501560098,0.0,0.0,0.047468189303675676,0.036370117392824,-0.012,0.0565195530726257,0.9998196115532393,0.0,0.0,-0.018993271269841648,0.0,0.0,0.04,1.0,0.0,0.0,0.0,0.034271998199218515,-0.011314941303588,0.15812432852619282,0.9956818915753409,0.0,0.0,0.09283087196052363
20282624,4951,32,8.28,0,12,69,345,0.0004189944134078208,-0.5103351955307261,0,0,,0.033512976282995044,-0.011340929132881483,0.10632960893854748,0.998839358428461,0.0,0.0,0.048165714509600104,0.03631814173423704,-0.012,0.05654189944134078,0.9998142671647944,0.0,0.0,-0.01927254974633883,0.0,0.0,0.04,1.0,0.0,0.0,0.0,0.03434505481371686,-0.011340929132881483,0.1588173714165672,0.9956229946577635,0.0,0.0,0.09346043285105701
20286720,4952,32,8.4,0,12,70,350,0.0006424581005586606,-0.5096927374301675,0,0,,0.033530449194225716,-0.011367728934444142,0.10697206703910614,0.9988054796104863,0.0,0.0,0.04886321622720462,0.03626454213111172,-0.012,0.05656424581005587,0.9998088447658114,0.0,0.0,-0.019551826719094743,0.0,0.0,0.04,1.0,0.0,0.0,0.0,0.03441621872050458,-0.011367728934444142,0.15950810790712455,0.9955664118739063,0.0,0.0,0.09406125423635213
20290816,4953,32,8.52,0,12,71,355,0.0008659217877095005,-0.508826815642458,0,0,,0.03355516179421883,-0.011395307691044033,0.10761452513966481,0.9987711137186066,0.0,0.0,0.04956069411634802,0.036209384617911934,-0.012,0.05658659217877095,0.9998033443567135,0.0,0.0,-0.019831102166318792,0.0,0.0,0.04,1.0,0.0,0.0,0.0,0.034484809005244324,-0.011395307691044033,0.16019652312703114,0.9955122128004186,0.0,0.0,0.09463315573948781
20294912,4954,32,8.64,0,12,72,360,0.0010893854748603368,-0.5077374301675976,0,0,,0.03358699233724655,-0.011423631425780196,0.10825698324022347,0.9987362607695809,0.0,0.0,0.05025814783690073,0.03615273714843961,-0.012,0.05660893854748603,0.9997977659379297,0.0,0.0,-0.0201103760662205,0.0,0.0,0.04,1.0,0.0,0.0,0.0,0.03455021780776733,-0.011423631425780196,0.16088260292045717,0.9954604640791315,0.0,0.0,0.09517596574430019
20299008,4955,32,8.76,0,12,73,365,0.0013128491620111732,-0.5064245810055865,0,0,,0.03362578401129274,-0.011452665243942043,0.10889944134078212,0.9987009207804053,0.0,0.0,0.050955577048744975,0.036094669512115915,-0.012,0.05663128491620112,0.9997921095098953,0.0,0.0,-0.020389648397009512,0.0,0.0,0.04,1.0,0.0,0.0,0.0,0.034611916307439955,-0.011452665243942043,0.16156633385093677,0.9954112293356009,0.0,0.0,0.0956895214356709
20303104,4956,32,8.879999999999999,0,12,74,370,0.001536312849162013,-0.5048882681564245,0,0,,0.0336713457105817,-0.011482373375999479,0.10954189944134078,0.9986650937683137,0.0,0.0,0.05165298141177491,0.036035253248001047,-0.012,0.056653631284916205,0.9997863750730516,0.0,0.0,-0.020668919136895596,0.0,0.0,0.04,1.0,0.0,0.0,0.0,0.03466945961712138,-0.011482373375999479,0.16224770320550702,0.9953645691013548,0.0,0.0,0.09617366883754756
20307200,4957,32,9.0,0,12,75,375,0.0017597765363128494,-0.5031284916201116,0,0,,0.03372345297705384,-0.011512719221670797,0.11018435754189945,0.9986287797507774,0.0,0.0,0.052350360585896843,0.03597456155665841,-0.012,0.05667597765363128,0.999780562627846,0.0,0.0,-0.02094818826408865,0.0,0.0,0.04,1.0,0.0,0.0,0.0,0.03472249053624587,-0.011512719221670797,0.16292669899862358,0.9953205407399363,0.0,0.0,0.09662826284871784
20311296,4958,32,9.12,0,12,76,380,0.0019832402234636892,-0.5011452513966479,0,0,,0.03378184910615016,-0.011543665395014066,0.11082681564245811,0.998591978745505,0.0,0.0,0.053047714231029316,0.035912669209971874,-0.012,0.05669832402234637,0.9997746721747321,0.0,0.0,-0.021227455756798685,0.0,0.0,0.04,1.0,0.0,0.0,0.0,0.034770742127242016,-0.011543665395014066,0.1636033099758525,0.9952791983768309,0.0,0.0,0.09705316727635867
20315392,4959,32,9.24,0,12,77,385,0.0022067039106145256,-0.4989385474860334,0,0,,0.033846246411457954,-0.011575173770486422,0.11146927374301677,0.9985546907704428,0.0,0.0,0.053745042007103366,0.03584965245902716,-0.012,0.056720670391061455,0.9997687037141696,0.0,0.0,-0.02150672159323585,0.0,0.0,0.04,1.0,0.0,0.0,0.0,0.034814039093548466,-0.011575173770486422,0.16427752561733722,0.9952405928333621,0.0,0.0,0.09744825486738068
20319488,4960,32,9.36,0,12,78,390,0.002430167597765362,-0.496508379888268,0,0,,0.033916327641987515,-0.011607205529914578,0.11211173184357542,0.9985169158437747,0.0,0.0,0.054442343574062614,0.03578558894017085,-0.012,0.056743016759776534,0.999762657246624,0.0,0.0,-0.02178598575161042,0.0,0.0,0.04,1.0,0.0,0.0,0.0,0.03485229795173998,-0.011607205529914578,0.1649493361410383,0.9952047715646318,0.0,0.0,0.09781340733758793
20323584,4961,32,9.48,0,12,79,395,0.002653631284916202,-0.4938547486033518,0,0,,0.03399174754509761,-0.01163972121031862,0.11275418994413408,0.9984786539839215,0.0,0.0,0.055139618591863476,0.03572055757936276,-0.012,0.05676536312849162,0.9997565327725672,0.0,0.0,-0.0220652482101328,0.0,0.0,0.04,1.0,0.0,0.0,0.0,0.03488552600457626,-0.01163972121031862,0.16561873250574716,0.9951717786015823,0.0,0.0,0.09814851539867116
20327680,4962,32,9.6,0,12,80,400,0.002877094972067038,-0.49097765363128476,0,0,,0.03407213456737009,-0.011672680752530232,0.11339664804469274,0.9984399052095423,0.0,0.0,0.055836866720475324,0.035654638494939536,-0.012,0.056787709497206705,0.999750330292477,0.0,0.0,-0.022344508947013526,0.0,0.0,0.04,1.0,0.0,0.0,0.0,0.03491381913596696,-0.011672680752530232,0.16628570641387042,0.9951416544972455,0.0,0.0,0.09845347878305252
20331776,4963,32,9.719999999999999,0,12,81,405,0.003100558659217878,-0.4878770949720669,0,0,,0.034157092685054374,-0.011706043550545388,0.1140391061452514,0.998400669539533,0.0,0.0,0.05653408761988062,0.035587912898909224,-0.012,0.05681005586592179,0.9997440498068374,0.0,0.0,-0.022623767940463276,0.0,0.0,0.04,1.0,0.0,0.0,0.0,0.034937358462746454,-0.011706043550545388,0.16695025031398622,0.9951144362772454,0.0,0.0,0.09872820626659863
20335872,4964,32,9.84,0,12,82,410,0.003324022346368718,-0.4845530726256982,0,0,,0.03424620335506405,-0.011739768501550778,0.11468156424581005,0.9983609469930269,0.0,0.0,0.05723128095007512,0.03552046299689845,-0.012,0.05683240223463687,0.9997376913161383,0.0,0.0,-0.022903025168692855,0.0,0.0,0.04,1.0,0.0,0.0,0.0,0.0349564058916145,-0.011739768501550778,0.16761235740316982,0.9950901573946124,0.0,0.0,0.0989726156892172
20339968,4965,32,9.959999999999999,0,12,83,415,0.003547486033519554,-0.4810055865921786,0,0,,0.03433902757691424,-0.011773814056562276,0.11532402234636871,0.9983207375893953,0.0,0.0,0.05792844637106801,0.03545237188687545,-0.012,0.056854748603351955,0.999731254820876,0.0,0.0,-0.02318228060991321,0.0,0.0,0.04,1.0,0.0,0.0,0.0,0.034971298642470096,-0.011773814056562276,0.16827202162908936,0.9950688476889609,0.0,0.0,0.0991866339733517
20344064,4966,32,10.08,0,12,84,420,0.0037709497206703906,-0.47723463687150824,0,0,,0.034435108055441574,-0.011808138271613098,0.11596648044692737,0.9982800413482464,0.0,0.0,0.05862558354288211,0.035383723456773805,-0.012,0.05687709497206704,0.9997247403215526,0.0,0.0,-0.023461534242335425,0.0,0.0,0.04,1.0,0.0,0.0,0.0,0.03498244281149953,-0.011808138271613098,0.16892923769186988,0.995050533350081,0.0,0.0,0.09937019714038735
20348160,4967,32,10.2,0,12,85,425,0.00399441340782123,-0.473240223463687,0,0,,0.034533971453652224,-0.011842698859428579,0.11660893854748604,0.998238858289426,0.0,0.0,0.059322692125553994,0.035314602281142846,-0.012,0.05689944134078212,0.9997181478186764,0.0,0.0,-0.02374078604417073,0.0,0.0,0.04,1.0,0.0,0.0,0.0,0.034990306058638156,-0.011842698859428579,0.16958400104572605,0.9950352368859866,0.0,0.0,0.09952325032497975
20352256,4968,32,10.32,0,12,86,430,0.004217877094972067,-0.4690223463687149,0,0,,0.034635130724599436,-0.011877453241523896,0.1172513966480447,0.9981971884330173,0.0,0.0,0.060019771779134194,0.035245093516952215,-0.012,0.056921787709497206,0.9997114773127618,0.0,0.0,-0.02402003599363049,0.0,0.0,0.04,1.0,0.0,0.0,0.0,0.03499540951428082,-0.011877453241523896,0.17023630790036212,0.9950229770954571,0.0,0.0,0.09964574778731718
20356352,4969,32,10.44,0,12,87,435,0.004441340782122907,-0.46458100558659204,0,0,,0.03473808751080268,-0.011912358600660566,0.11789385474860335,0.9981550317993408,0.0,0.0,0.06071682216368733,0.035175282798678875,-0.012,0.05694413407821229,0.9997047288043294,0.0,0.0,-0.024299284068926227,0.0,0.0,0.04,1.0,0.0,0.0,0.0,0.0349983190092519,-0.011912358600660566,0.1708861552221396,0.9950137690451054,0.0,0.0,0.09973765292332501
20360448,4970,32,10.559999999999999,0,12,88,440,0.004664804469273743,-0.4599162011173183,0,0,,0.03484233459938766,-0.01194737193359709,0.11853631284916201,0.9981123884089547,0.0,0.0,0.06141384293929232,0.03510525613280582,-0.012,0.05696648044692738,0.9996979022939054,0.0,0.0,-0.024578530248269594,0.0,0.0,0.04,1.0,0.0,0.0,0.0,0.03499963573995908,-0.01194737193359709,0.1715335407350116,0.9950076240510008,0.0,0.0,0.09979893827282021
20364544,4971,32,10.68,0,12,89,445,0.004888268156424579,-0.4550279329608937,0,0,,0.03494735842085221,-0.011982450104068742,0.11917877094972067,0.9980692582826539,0.0,0.0,0.0621108337660425,0.03503509979186252,-0.012,0.056988826815642456,0.9996909977820229,0.0,0.0,-0.024857774509872404,0.0,0.0,0.04,1.0,0.0,0.0,0.0,0.03499998648725512,-0.011982450104068742,0.1721784629212239,0.9950045496648658,0.0,0.0,0.09982958552562175
20368640,4972,32,10.799999999999999,0,12,90,450,0.005111731843575423,-0.4499162011173183,0,0,,0.03505264157914779,-0.012017549895931257,0.11982122905027934,0.9980256414414715,0.0,0.0,0.06280779430404583,0.03496490020813749,-0.012,0.05701117318435754,0.9996840152692201,0.0,0.0,-0.025137016831946617,0.0,0.0,0.04,1.0,0.0,0.0,0.0,0.03500001351274488,-0.012017549895931257,0.1728209210217826,0.9950045496648658,0.0,0.0,0.09982958552562175
20372736,4973,32,10.92,0,12,91,455,0.0053351955307262555,-0.444581005586592,0,0,,0.03515766540061234,-0.01205262806640291,0.120463687150838,0.9979815379066773,0.0,0.0,0.063504724213425,0.03489474386719418,-0.012,0.05703351955307263,0.9996769547560423,0.0,0.0,-0.025416257192704336,0.0,0.0,0.04,1.0,0.0,0.0,0.0,0.03500036426004092,-0.01205262806640291,0.17346091503668756,0.9950076240510008,0.0,0.0,0.09979893827282021
20376832,4974,32,11.04,0,12,92,460,0.005558659217877095,-0.43902234636871496,0,0,,0.03526191248919733,-0.012087641399339434,0.12110614525139665,0.9979369476997788,0.0,0.0,0.0642016231543177,0.03482471720132113,-0.012,0.05705586592178771,0.9996698162430402,0.0,0.0,-0.02569549557035783,0.0,0.0,0.04,1.0,0.0,0.0,0.0,0.03500168099074811,-0.012087641399339434,0.1740984457249329,0.9950137690451054,0.0,0.0,0.09973765292332502
20380928,4975,32,11.16,0,12,93,465,0.005782122905027932,-0.433240223463687,0,0,,0.035364869275400564,-0.012122546758476105,0.12174860335195531,0.9978918708425205,0.0,0.0,0.06489849078687665,0.0347549064830478,-0.012,0.05707821229050279,0.9996625997307707,0.0,0.0,-0.02597473194311951,0.0,0.0,0.04,1.0,0.0,0.0,0.0,0.03500459048571919,-0.012122546758476105,0.17473351460427272,0.9950229770954571,0.0,0.0,0.09964574778731719
20385024,4976,32,11.28,0,12,94,470,0.0060055865921787716,-0.42723463687150826,0,0,,0.03546602854634778,-0.012157301140571421,0.12239106145251397,0.9978463073568846,0.0,0.0,0.06559532677126992,0.03468539771885716,-0.012,0.05710055865921788,0.999655305219797,0.0,0.0,-0.026253966289201954,0.0,0.0,0.04,1.0,0.0,0.0,0.0,0.03500969394136185,-0.012157301140571421,0.175366123950754,0.9950352368859866,0.0,0.0,0.09952325032497975
20389120,4977,32,11.4,0,12,95,475,0.006229050279329611,-0.4210055865921786,0,0,,0.03556489194455843,-0.012191861728386903,0.12303351955307264,0.9978002572650905,0.0,0.0,0.06629213076768092,0.0346162765432262,-0.012,0.05712290502793296,0.9996479327106882,0.0,0.0,-0.026533198586817897,0.0,0.0,0.04,1.0,0.0,0.0,0.0,0.03501755718850048,-0.012191861728386903,0.17599627679801516,0.995050533350081,0.0,0.0,0.09937019714038735
20393216,4978,32,11.52,0,12,96,480,0.006452513966480448,-0.4145530726256982,0,0,,0.03566097242308577,-0.012226185943437724,0.12367597765363128,0.9977537205895946,0.0,0.0,0.06698890243630874,0.034547628113124555,-0.012,0.05714525139664804,0.9996404822040195,0.0,0.0,-0.02681242881418022,0.0,0.0,0.04,1.0,0.0,0.0,0.0,0.03502870135752991,-0.012226185943437724,0.17662397693635193,0.9950688476889609,0.0,0.0,0.0991866339733517
20397312,4979,32,11.639999999999999,0,12,97,485,0.006675977653631288,-0.4078770949720669,0,0,,0.035753796644935956,-0.012260231498449223,0.12431843575418995,0.9977066973530908,0.0,0.0,0.0676856414373682,0.03447953700310156,-0.012,0.05716759776536313,0.9996329537003722,0.0,0.0,-0.027091656949501986,0.0,0.0,0.04,1.0,0.0,0.0,0.0,0.035043594108385506,-0.012260231498449223,0.1772492289115497,0.9950901573946124,0.0,0.0,0.09897261568921718
20401408,4980,32,11.76,0,12,98,490,0.006899441340782124,-0.4009776536312848,0,0,,0.03584290731494563,-0.012293956449454612,0.12496089385474861,0.9976591875785106,0.0,0.0,0.06838234743109005,0.03441208710109078,-0.012,0.05718994413407821,0.9996253472003339,0.0,0.0,-0.027370882970996404,0.0,0.0,0.04,1.0,0.0,0.0,0.0,0.03506264153725355,-0.012293956449454612,0.17787203802348342,0.9951144362772454,0.0,0.0,0.09872820626659863
20405504,4981,32,11.879999999999999,0,12,99,495,0.007122905027932964,-0.39385474860335185,0,0,,0.035927865432629914,-0.012327319247469768,0.12560335195530725,0.9976111912890221,0.0,0.0,0.06907902007772113,0.03434536150506047,-0.012,0.0572122905027933,0.9996176627044979,0.0,0.0,-0.027650106856876865,0.0,0.0,0.04,1.0,0.0,0.0,0.0,0.03508618086403305,-0.012327319247469768,0.17849241032448493,0.9951416544972455,0.0,0.0,0.09845347878305252
20409600,4982,32,12.0,0,12,100,500,0.0073463687150838,-0.386508379888268,0,0,,0.0360082524549024,-0.012360278789681378,0.12624581005586594,0.9975627085080312,0.0,0.0,0.06977565903752454,0.03427944242063725,-0.012,0.05723463687150838,0.9996099002134639,0.0,0.0,-0.027929328585356905,0.0,0.0,0.04,1.0,0.0,0.0,0.0,0.035114473995423744,-0.012360278789681378,0.17911035261747899,0.9951717786015823,0.0,0.0,0.09814851539867117
20413696,4983,32,12.12,0,12,101,505,0.00756983240223464,-0.3789385474860334,0,0,,0.03608367235801249,-0.012392794470085422,0.12688826815642457,0.9975137392591807,0.0,0.0,0.07047226397077985,0.03421441105982916,-0.012,0.057256983240223464,0.9996020597278374,0.0,0.0,-0.028208548134650253,0.0,0.0,0.04,1.0,0.0,0.0,0.0,0.035147702048260024,-0.012392794470085422,0.17972587245388744,0.9952047715646318,0.0,0.0,0.09781340733758793
20417792,4984,32,12.24,0,12,102,510,0.007793296089385473,-0.37114525139664795,0,0,,0.03615375358854205,-0.012424826229513578,0.12753072625698325,0.9974642835663509,0.0,0.0,0.07116883453778318,0.03415034754097285,-0.012,0.05727932960893855,0.9995941412482304,0.0,0.0,-0.028487765482970783,0.0,0.0,0.04,1.0,0.0,0.0,0.0,0.03518596090645154,-0.012424826229513578,0.18033897813130367,0.9952405928333621,0.0,0.0,0.09744825486738068
20421888,4985,32,12.36,0,12,103,515,0.008016759776536313,-0.3631284916201116,0,0,,0.036218150893849846,-0.012456334604985934,0.1281731843575419,0.9974143414536591,0.0,0.0,0.07186537039884741,0.03408733079002813,-0.012,0.057301675977653635,0.9995861447752606,0.0,0.0,-0.028766980608532566,0.0,0.0,0.04,1.0,0.0,0.0,0.0,0.03522925787275799,-0.012456334604985934,0.18094967869093634,0.9952791983768309,0.0,0.0,0.09705316727635867
20425984,4986,32,12.48,0,12,104,520,0.008240223463687153,-0.3548882681564245,0,0,,0.036276547022946165,-0.012487280778329203,0.12881564245810057,0.9973639129454599,0.0,0.0,0.07256187121430238,0.0340254384433416,-0.012,0.057324022346368714,0.9995780703095519,0.0,0.0,-0.029046193489549822,0.0,0.0,0.04,1.0,0.0,0.0,0.0,0.03527750946375414,-0.012487280778329203,0.18155798391482467,0.9953205407399363,0.0,0.0,0.09662826284871784
20430080,4987,32,12.6,0,12,105,525,0.008463687150837989,-0.3464245810055865,0,0,,0.0363286542894183,-0.012517626624000522,0.12945810055865922,0.9973129980663452,0.0,0.0,0.07325833664449495,0.03396474675199896,-0.012,0.0573463687150838,0.9995699178517344,0.0,0.0,-0.02932540410423696,0.0,0.0,0.04,1.0,0.0,0.0,0.0,0.03533054038287862,-0.012517626624000522,0.18216390432282548,0.9953645691013548,0.0,0.0,0.09617366883754756
20434176,4988,32,12.719999999999999,0,12,106,530,0.008687150837988829,-0.33773743016759766,0,0,,0.03637421598870726,-0.012547334756057958,0.13010055865921788,0.9972615968411438,0.0,0.0,0.07395476634978934,0.03390533048788409,-0.012,0.057368715083798885,0.9995616874024442,0.0,0.0,-0.02960461243080857,0.0,0.0,0.04,1.0,0.0,0.0,0.0,0.03538808369256005,-0.012547334756057958,0.1827674511693725,0.9954112293356009,0.0,0.0,0.0956895214356709
20438272,4989,32,12.84,0,12,107,535,0.008910614525139665,-0.32882681564245797,0,0,,0.036413007662753454,-0.012576368574219803,0.13074301675977654,0.9972097092949219,0.0,0.0,0.07465115999056708,0.033847262851560395,-0.012,0.057391061452513964,0.9995533789623234,0.0,0.0,-0.0298838184474794,0.0,0.0,0.04,1.0,0.0,0.0,0.0,0.03544978219223267,-0.012576368574219803,0.18336863644001025,0.9954604640791315,0.0,0.0,0.0951759657443002
20442368,4990,32,12.959999999999999,0,12,108,540,0.009134078212290505,-0.31969273743016746,0,0,,0.03644483820578118,-0.012604692308955966,0.1313854748603352,0.9971573354529829,0.0,0.0,0.07534751722722738,0.03379061538208807,-0.012,0.05741340782122905,0.9995449925320202,0.0,0.0,-0.030163022132464412,0.0,0.0,0.04,1.0,0.0,0.0,0.0,0.03551519099475568,-0.012604692308955966,0.1839674728477015,0.9955122128004186,0.0,0.0,0.09463315573948783
20446464,4991,32,13.08,0,12,109,545,0.009357541899441341,-0.31033519553072614,0,0,,0.03646955080577429,-0.012632271065555858,0.13202793296089385,0.9971044753408671,0.0,0.0,0.07604383772018712,0.03373545786888829,-0.012,0.057435754189944135,0.9995365281121892,0.0,0.0,-0.03044222346397871,0.0,0.0,0.04,1.0,0.0,0.0,0.0,0.03558378127949543,-0.012632271065555858,0.18456397382891226,0.9955664118739063,0.0,0.0,0.09406125423635214
20450560,4992,32,13.2,0,12,110,550,0.009581005586592181,-0.30075418994413394,0,0,,0.03648702371700496,-0.012659070867118517,0.1326703910614525,0.9970511289843521,0.0,0.0,0.07674012112988118,0.03368185826576297,-0.012,0.05745810055865922,0.9995279857034906,0.0,0.0,-0.03072142242023762,0.0,0.0,0.04,1.0,0.0,0.0,0.0,0.03565494518628315,-0.012659070867118517,0.18515815353947224,0.9956229946577635,0.0,0.0,0.09346043285105701
20454656,4993,32,13.32,0,12,111,555,0.009804469273743018,-0.29094972067039093,0,0,,0.036497170859809525,-0.012685058696412,0.13331284916201117,0.9969972964094527,0.0,0.0,0.07743636711676247,0.033629882607176004,-0.012,0.0574804469273743,0.999519365306591,0.0,0.0,-0.03100061897945662,0.0,0.0,0.04,1.0,0.0,0.0,0.0,0.03572800180078149,-0.012685058696412,0.18575002685021516,0.9956818915753409,0.0,0.0,0.09283087196052364
20458752,4994,32,13.44,0,12,112,560,0.010027932960893857,-0.28092178770949705,0,0,,0.03649994224465686,-0.012710202536550452,0.13395530726256982,0.9969429776424205,0.0,0.0,0.07813257534130218,0.033579594926899096,-0.012,0.057502793296089386,0.9995106669221631,0.0,0.0,-0.0312798131198514,0.0,0.0,0.04,1.0,0.0,0.0,0.0,0.035802204168639114,-0.012710202536550452,0.18633960934239768,0.9957430302002328,0.0,0.0,0.09217276065985187
20462848,4995,32,13.559999999999999,0,12,113,565,0.01025139664804469,-0.27067039106145235,0,0,,0.03649532421842001,-0.012734471410438765,0.1345977653631285,0.9968881727097446,0.0,0.0,0.07882874546398987,0.03353105717912248,-0.012,0.05752513966480447,0.9995018905508853,0.0,0.0,-0.031559004819637825,0.0,0.0,0.04,1.0,0.0,0.0,0.0,0.0358767472633334,-0.012734471410438765,0.18692691730290054,0.9958063353448453,0.0,0.0,0.09148629671742878
20466944,4996,32,13.68,0,12,114,570,0.01047486033519553,-0.26019553072625684,0,0,,0.03648333953163778,-0.012757835418936218,0.13524022346368714,0.9968328816381508,0.0,0.0,0.07952487714533372,0.03348432916212757,-0.012,0.05754748603351956,0.9994930361934428,0.0,0.0,-0.031838194057031956,0.0,0.0,0.04,1.0,0.0,0.0,0.0,0.035950776820942006,-0.012757835418936218,0.18751196771921133,0.9958717291523627,0.0,0.0,0.09077168652770075
20471040,4997,32,13.799999999999999,0,12,115,575,0.01069832402234637,-0.24949720670391046,0,0,,0.036464047226435085,-0.01278026577769208,0.13588268156424582,0.9967771044546023,0.0,0.0,0.08022097004586067,0.033439468444615844,-0.012,0.057569832402234636,0.9994841038505262,0.0,0.0,-0.03211738081025004,0.0,0.0,0.04,1.0,0.0,0.0,0.0,0.03602339894437791,-0.01278026577769208,0.18809477827419238,0.995939131192002,0.0,0.0,0.09002914506158681
20475136,4998,32,13.92,0,12,116,580,0.010921787709497206,-0.23857541899441326,0,0,,0.036437542345654,-0.01280173485260779,0.13652513966480445,0.9967208411862991,0.0,0.0,0.08091702382611651,0.03339653029478442,-0.012,0.05759217877094972,0.9994750935228324,0.0,0.0,-0.03239656505750853,0.0,0.0,0.04,1.0,0.0,0.0,0.0,0.03609369036999438,-0.01280173485260779,0.1886753673406337,0.9960084585574436,0.0,0.0,0.08925889581450866
20479232,4999,32,14.04,0,12,117,585,0.011145251396648046,-0.22743016759776521,0,0,,0.036403955464628705,-0.012822216193882057,0.13716759776536314,0.9966640918606784,0.0,0.0,0.08161303814666618,0.03335556761223589,-0.012,0.05761452513966481,0.9994660052110645,0.0,0.0,-0.032675746777024055,0.0,0.0,0.04,1.0,0.0,0.0,0.0,0.03616070928102833,-0.012822216193882057,0.18925375397559405,0.9960796259683173,0.0,0.0,0.08846117075201487
20483328,5000,32,14.16,0,12,118,590,0.011368715083798882,-0.21606145251396633,0,0,,0.03636345204791079,-0.012841684568596868,0.1378100558659218,0.9966068565054144,0.0,0.0,0.08230901266809379,0.033316630862806264,-0.012,0.057636871508379886,0.9994568389159318,0.0,0.0,-0.032954925947013464,0.0,0.0,0.04,1.0,0.0,0.0,0.0,0.036223506545200554,-0.012841684568596868,0.18982995791453067,0.9961525458746247,0.0,0.0,0.08763621025297598
20487424,5001,32,14.28,0,12,119,595,0.011592178770949722,-0.2044692737430166,0,0,,0.03631623163411417,-0.012860115991804354,0.13845251396648045,0.9965491351484181,0.0,0.0,0.08300494705100295,0.0332797680163913,-0.012,0.05765921787709497,0.9994475946381493,0.0,0.0,-0.03323410254569379,0.0,0.0,0.04,1.0,0.0,0.0,0.0,0.03628113724801564,-0.012860115991804354,0.19040399956522044,0.9962271285639694,0.0,0.0,0.08678426305032665
20491520,5002,32,14.399999999999999,0,12,120,600,0.011815642458100559,-0.19265363128491603,0,0,,0.036262526852895306,-0.012877487756076108,0.1390949720670391,0.996490927817838,0.0,0.0,0.08370084095601672,0.03324502448784779,-0.012,0.05768156424581006,0.9994382723784382,0.0,0.0,-0.033513276551282264,0.0,0.0,0.04,1.0,0.0,0.0,0.0,0.03633267238897051,-0.012877487756076108,0.19097590000147394,0.9963032822714694,0.0,0.0,0.08590558616933353
20495616,5003,32,14.52,0,12,121,605,0.012039106145251399,-0.18061452513966464,0,0,,0.036202602278911686,-0.012893778459478656,0.13973743016759776,0.996432234542059,0.0,0.0,0.08439669404377804,0.03321244308104269,-0.012,0.05770391061452514,0.9994288721375261,0.0,0.0,-0.03379244794199634,0.0,0.0,0.04,1.0,0.0,0.0,0.0,0.03637721060504324,-0.012893778459478656,0.19154568095664393,0.9963809132922158,0.0,0.0,0.08500044486336547
20499712,5004,32,14.639999999999999,0,12,122,610,0.012262569832402235,-0.1683519553072624,0,0,,0.03613675312840433,-0.012908968031940525,0.14037988826815642,0.9963730553497034,0.0,0.0,0.08509250597494963,0.03318206393611895,-0.012,0.05772625698324022,0.9994193939161463,0.0,0.0,-0.03407161669605365,0.0,0.0,0.04,1.0,0.0,0.0,0.0,0.036413889784528315,-0.012908968031940525,0.1921133648169314,0.9964599260961453,0.0,0.0,0.0840691125471455
20503808,5005,32,14.76,0,12,123,615,0.012486033519553075,-0.15586592178770933,0,0,,0.03606530380482568,-0.012923037759978485,0.14102234636871508,0.9963133902696303,0.0,0.0,0.08578827641021437,0.033153924480043034,-0.012,0.05774860335195531,0.9994098377150384,0.0,0.0,-0.03435078279167205,0.0,0.0,0.04,1.0,0.0,0.0,0.0,0.03644189843453129,-0.012923037759978485,0.1926789746144896,0.9965402234451861,0.0,0.0,0.08311187072746277
20507904,5006,32,14.879999999999999,0,12,124,620,0.012709497206703915,-0.14315642458100541,0,0,,0.03598860630067778,-0.012935970309752468,0.14166480446927376,0.9962532393309357,0.0,0.0,0.08648400501027532,0.03312805938049507,-0.012,0.05777094972067039,0.999400203534948,0.0,0.0,-0.034629946207069606,0.0,0.0,0.04,1.0,0.0,0.0,0.0,0.03646048666723618,-0.012935970309752468,0.1932425340203302,0.9966217065125353,0.0,0.0,0.08212900893132573
20512000,5007,32,15.0,0,12,125,625,0.012932960893854747,-0.13022346368715065,0,0,,0.03590703846343395,-0.012947749748420792,0.1423072625698324,0.9961926025629526,0.0,0.0,0.08717969143585598,0.03310450050315842,-0.012,0.05779329608938547,0.9993904913766268,0.0,0.0,-0.034909106920464554,0.0,0.0,0.04,1.0,0.0,0.0,0.0,0.036468976673397706,-0.012947749748420792,0.19380406733703154,0.9967042750039249,0.0,0.0,0.08112082463153605
20516096,5008,32,15.12,0,12,126,630,0.01315642458100559,-0.11706703910614506,0,0,,0.03582100213408694,-0.012958361563769333,0.14294972067039108,0.996131479995251,0.0,0.0,0.08787533534770038,0.03308327687246134,-0.012,0.05781564245810056,0.9993807012408327,0.0,0.0,-0.0351882649100754,0.0,0.0,0.04,1.0,0.0,0.0,0.0,0.0364667725563556,-0.012958361563769333,0.1943635994912534,0.9967878272807276,0.0,0.0,0.08008762316966647
20520192,5009,32,15.24,0,12,127,635,0.013379888268156424,-0.10368715083798864,0,0,,0.03573092116749381,-0.012967792682090515,0.1435921787709497,0.9960698716576376,0.0,0.0,0.08857093640657329,0.033064414635818974,-0.012,0.057837988826815644,0.9993708331283293,0.0,0.0,-0.03546742015412082,0.0,0.0,0.04,1.0,0.0,0.0,0.0,0.0364533694061688,-0.012967792682090515,0.19492115602605845,0.9968722604847546,0.0,0.0,0.07902971767642568
20524288,5010,32,15.36,0,12,128,640,0.013603351955307263,-0.09008379888268138,0,0,,0.03563723934427037,-0.012976031484290053,0.1442346368715084,0.9960077775801562,0.0,0.0,0.08926649427326042,0.033047937031419894,-0.012,0.05786033519553073,0.9993608870398869,0.0,0.0,-0.03574657263081973,0.0,0.0,0.04,1.0,0.0,0.0,0.0,0.03642836150115896,-0.012976031484290053,0.19547676309304501,0.9969574706645933,0.0,0.0,0.07794742898939393
20528384,5011,32,15.479999999999999,0,12,129,645,0.0138268156424581,-0.07625698324022329,0,0,,0.035540418184522075,-0.012983067820201633,0.14487709497206702,0.9959451977930873,0.0,0.0,0.08996200860856848,0.03303386435959674,-0.012,0.05788268156424581,0.9993508629762813,0.0,0.0,-0.03602572231839122,0.0,0.0,0.04,1.0,0.0,0.0,0.0,0.03639144953315285,-0.012983067820201633,0.19603044744429127,0.9970433529033296,0.0,0.0,0.07684108556811675
20532480,5012,32,15.6,0,12,130,650,0.01405027932960894,-0.06220670391061435,0,0,,0.03544093467418192,-0.012988893021091854,0.1455195530726257,0.9958821323269484,0.0,0.0,0.09065747907332547,0.0330222139578163,-0.012,0.057905027932960894,0.9993407609382947,0.0,0.0,-0.03630486919505467,0.0,0.0,0.04,1.0,0.0,0.0,0.0,0.03634244676292524,-0.012988893021091854,0.19658223642411543,0.9971298014475015,0.0,0.0,0.07571102340654318
20536576,5013,32,15.719999999999999,0,12,131,655,0.014273743016759776,-0.04793296089385457,0,0,,0.03533927891515659,-0.01299349991034008,0.14616201117318434,0.9958185812124937,0.0,0.0,0.09135290532838071,0.033013000179319844,-0.012,0.05792737430167598,0.9993305809267155,0.0,0.0,-0.0365840132390296,0.0,0.0,0.04,1.0,0.0,0.0,0.0,0.03628128402365889,-0.01299349991034008,0.1971321579606527,0.9972167098371257,0.0,0.0,0.07455758594279843
20540672,5014,32,15.84,0,12,132,660,0.014497206703910616,-0.033435754189943954,0,0,,0.03523595171085714,-0.012996882812280001,0.14680446927374302,0.9957545444807143,0.0,0.0,0.09204828703460517,0.03300623437544,-0.012,0.05794972067039106,0.9993203229423376,0.0,0.0,-0.03686315442853581,0.0,0.0,0.04,1.0,0.0,0.0,0.0,0.03620801350253144,-0.012996882812280001,0.19768024055725314,0.9973039710366369,0.0,0.0,0.07338112396628153
20544768,5015,32,15.959999999999999,0,12,133,665,0.014720670391061456,-0.0187150837988825,0,0,,0.03513146209900916,-0.012999037559192031,0.14744692737430168,0.9956900221628383,0.0,0.0,0.09274362385289148,0.03300192488161594,-0.012,0.057972067039106144,0.9993099869859617,0.0,0.0,-0.037142292741793294,0.0,0.0,0.04,1.0,0.0,0.0,0.0,0.03612281124367913,-0.012999037559192031,0.1982265132837016,0.9973914775665823,0.0,0.0,0.07218199552208111
20548864,5016,32,16.08,0,12,134,670,0.014944134078212292,-0.0037709497206702067,0,0,,0.03502632484389689,-0.012999961496437904,0.14808938547486034,0.9956250142903302,0.0,0.0,0.09343891544415414,0.03300007700712419,-0.012,0.05799441340782123,0.9992995730583941,0.0,0.0,-0.03742142815702227,0.0,0.0,0.04,1.0,0.0,0.0,0.0,0.03602597832962808,-0.012999961496437904,0.19877100576726395,0.9974791216359071,0.0,0.0,0.07096056581270421
20552960,5017,32,16.2,0,12,135,675,0.015167597765363132,0.011396648044692925,0,0,,0.03492105790039564,-0.012999653485731196,0.14873184357541902,0.9955595208948916,0.0,0.0,0.09413416146932979,0.03300069302853761,-0.012,0.058016759776536315,0.9992890811604475,0.0,0.0,-0.0377005606524432,0.0,0.0,0.04,1.0,0.0,0.0,0.0,0.03591794071267564,-0.012999653485731196,0.19931374818356098,0.9975667952746713,0.0,0.0,0.06971720709711447
20557056,5018,32,16.32,0,12,136,680,0.015391061452513968,0.026787709497206894,0,0,,0.03481617986228585,-0.012998113906539679,0.14937430167597765,0.9954935420084609,0.0,0.0,0.09482936158937721,0.033003772186920646,-0.012,0.058039106145251394,0.9992785112929404,0.0,0.0,-0.037979690206276756,0.0,0.0,0.04,1.0,0.0,0.0,0.0,0.03579924768248748,-0.012998113906539679,0.19985477124727363,0.9976543904670321,0.0,0.0,0.06845229858707957
20561152,5019,32,16.439999999999998,0,12,137,685,0.015614525139664808,0.042402234636871705,0,0,,0.03471220740741965,-0.012995344655617816,0.15001675977653633,0.9954270776632128,0.0,0.0,0.09552451546527764,0.03300931068876437,-0.012,0.05806145251396648,0.9992678634566976,0.0,0.0,-0.038258816796743846,0.0,0.0,0.04,1.0,0.0,0.0,0.0,0.03567056897118898,-0.012995344655617816,0.20039410620268241,0.9977417992843302,0.0,0.0,0.06716622634082853
20565248,5020,32,16.56,0,12,138,690,0.01583798882681564,0.058240223463687346,0,0,,0.03460965275232617,-0.012991349144669971,0.15065921787709496,0.9953601278915594,0.0,0.0,0.09621962275803478,0.03301730171066006,-0.012,0.058083798882681566,0.9992571376525498,0.0,0.0,-0.0385379404020656,0.0,0.0,0.04,1.0,0.0,0.0,0.0,0.035532690512304656,-0.012991349144669971,0.20093178481404309,0.9978289140181155,0.0,0.0,0.06585938315402312
20569344,5021,32,16.68,0,12,139,695,0.01606145251396648,0.07430167597765383,0,0,,0.03450902112879535,-0.012986132296147212,0.15130167597765365,0.9952926927261491,0.0,0.0,0.09691468312867513,0.03302773540770558,-0.012,0.05810614525139665,0.999246333881334,0.0,0.0,-0.038817061000463414,0.0,0.0,0.04,1.0,0.0,0.0,0.0,0.03538650888487146,-0.012986132296147212,0.20146783935580292,0.997915627312947,0.0,0.0,0.06453216844804884
20573440,5022,32,16.8,0,12,140,700,0.01628491620111732,0.09058659217877116,0,0,,0.03441080829487187,-0.012979700537182861,0.15194413407821228,0.9952247721998669,0.0,0.0,0.097609696238248,0.03304059892563428,-0.012,0.05812849162011173,0.999235452143893,0.0,0.0,-0.03909617857015888,0.0,0.0,0.04,1.0,0.0,0.0,0.0,0.03523302448875393,-0.012979700537182861,0.20200230260265914,0.9980018322988051,0.0,0.0,0.06318498815563466
20577536,5023,32,16.919999999999998,0,12,141,705,0.016508379888268157,0.10709497206703932,0,0,,0.0343154980925211,-0.012972061791674303,0.15258659217877096,0.9951563663458349,0.0,0.0,0.09830466174782583,0.0330558764166514,-0.012,0.058150837988826816,0.999224492441076,0.0,0.0,-0.03937529308937384,0.0,0.0,0.04,1.0,0.0,0.0,0.0,0.03507333351145732,-0.012972061791674303,0.2025352078194638,0.9980874227229488,0.0,0.0,0.0618182546038123
20581632,5024,32,17.04,0,12,142,710,0.016731843575419,0.12382681564245832,0,0,,0.03422356006399922,-0.012963225470520782,0.15322905027932962,0.9950874751974116,0.0,0.0,0.09899957931850421,0.03307354905895844,-0.012,0.0581731843575419,0.999213454773738,0.0,0.0,-0.03965440453633039,0.0,0.0,0.04,1.0,0.0,0.0,0.0,0.03490861876041122,-0.012963225470520782,0.20306658875097736,0.9981722930810585,0.0,0.0,0.06043238639422902
20585728,5025,32,17.16,0,12,143,715,0.01695530726256983,0.14078212290502815,0,0,,0.0341354471386703,-0.012953202460029211,0.15387150837988828,0.9950180987881921,0.0,0.0,0.0996944486114021,0.03309359507994158,-0.012,0.05819553072625698,0.9992023391427404,0.0,0.0,-0.03993351288925082,0.0,0.0,0.04,1.0,0.0,0.0,0.0,0.034740139447626266,-0.012953202460029211,0.20359647961147445,0.9982563387474991,0.0,0.0,0.05902780828082998
20589824,5026,32,17.28,0,12,144,720,0.017178770949720673,0.15796089385474882,0,0,,0.03405159340166622,-0.0129420051085023,0.15451396648044693,0.9949482371520084,0.0,0.0,0.10038926928766206,0.0331159897829954,-0.012,0.058217877094972066,0.9991911455489504,0.0,0.0,-0.04021261812635773,0.0,0.0,0.04,1.0,0.0,0.0,0.0,0.034569220025666744,-0.0129420051085023,0.20412491507420538,0.9983394561045412,0.0,0.0,0.057604951044929964
20593920,5027,32,17.4,0,12,145,725,0.01740223463687151,0.17536312849162033,0,0,,0.033972411955382004,-0.012929647211025496,0.1551564245810056,0.994877890322929,0.0,0.0,0.10108404100845032,0.03314070557794901,-0.012,0.05824022346368715,0.9991798739932413,0.0,0.0,-0.04049172022587389,0.0,0.0,0.04,1.0,0.0,0.0,0.0,0.03439723818489558,-0.012929647211025496,0.2046519302607156,0.9984215426703824,0.0,0.0,0.056164251367696164
20598016,5028,32,17.52,0,12,146,730,0.017625698324022346,0.19298882681564267,0,0,,0.03389829288434185,-0.012916143992471506,0.15579888268156425,0.9948070583352588,0.0,0.0,0.10177876343495698,0.03316771201505699,-0.012,0.05826256983240224,0.9991685244764926,0.0,0.0,-0.04077081916602238,0.0,0.0,0.04,1.0,0.0,0.0,0.0,0.03422561213181162,-0.012916143992471506,0.2051775607300279,0.9985024972258053,0.0,0.0,0.054706151700066555
20602112,5029,32,17.64,0,12,147,735,0.017849162011173182,0.21083798882681584,0,0,,0.033829601333461884,-0.012901512088743322,0.1564413407821229,0.9947357412235397,0.0,0.0,0.10247343622839619,0.03319697582251336,-0.012,0.058284916201117316,0.99915709699959,0.0,0.0,-0.04104991492502648,0.0,0.0,0.04,1.0,0.0,0.0,0.0,0.03405578727689961,-0.012901512088743322,0.20570184246768905,0.9985822199393177,0.0,0.0,0.05323110013013205
20606208,5030,32,17.759999999999998,0,12,148,740,0.018072625698324025,0.22891061452513986,0,0,,0.03376667570917692,-0.012885769526278864,0.15708379888268156,0.9946639390225497,0.0,0.0,0.10316805905000632,0.03322846094744227,-0.012,0.0583072625698324,0.999145591563425,0.0,0.0,-0.04132900748110975,0.0,0.0,0.04,1.0,0.0,0.0,0.0,0.033889222467653024,-0.012885769526278864,0.20622481187468575,0.9986606124906166,0.0,0.0,0.05173955024801266
20610304,5031,32,17.88,0,12,149,745,0.018296089385474862,0.24720670391061472,0,0,,0.03370982601229348,-0.012868935699842501,0.15772625698324022,0.9945916517673037,0.0,0.0,0.10386263156105006,0.033262128600315,-0.012,0.05832960893854749,0.9991340081688952,0.0,0.0,-0.04160809681249596,0.0,0.0,0.04,1.0,0.0,0.0,0.0,0.033727375908224735,-0.012868935699842501,0.20674650575623196,0.9987375781922219,0.0,0.0,0.05023196100826138
20614400,5032,32,18.0,0,12,150,750,0.018519553072625698,0.2657262569832404,0,0,,0.03365933231078202,-0.012851031348630774,0.1583687150837989,0.9945188794930532,0.0,0.0,0.1045571534228147,0.03329793730273846,-0.012,0.058351955307262574,0.9991223468169046,0.0,0.0,-0.041887182897409184,0.0,0.0,0.04,1.0,0.0,0.0,0.0,0.03357169091144258,-0.012851031348630774,0.2072669613104325,0.9988130221091285,0.0,0.0,0.048708796589831654
20618496,5033,32,18.12,0,12,151,755,0.01874301675977654,0.28446927374301695,0,0,,0.03361544336003228,-0.012832078530721816,0.15901117318435753,0.9944456222352859,0.0,0.0,0.10525162429661218,0.03333584293855637,-0.012,0.05837430167597765,0.999110607508363,0.0,0.0,-0.0421662657140737,0.0,0.0,0.04,1.0,0.0,0.0,0.0,0.033423581631645376,-0.012832078530721816,0.20778621611682474,0.9988868511763251,0.0,0.0,0.04717052625364841
20622592,5034,32,18.24,0,12,152,760,0.018966480446927378,0.30343575418994434,0,0,,0.03357837537736882,-0.012812100595899897,0.15965363128491622,0.9943718800297261,0.0,0.0,0.1059460438437793,0.03337579880820021,-0.012,0.05839664804469274,0.9990987902441864,0.0,0.0,-0.04244534524071407,0.0,0.0,0.04,1.0,0.0,0.0,0.0,0.03328441892791421,-0.012812100595899897,0.2083043081248037,0.9989589743140336,0.0,0.0,0.04561762419782468
20626688,5035,32,18.36,0,12,153,765,0.019189944134078214,0.32262569832402255,0,0,,0.03354831097686423,-0.012791122156888594,0.16029608938547485,0.9942976529123349,0.0,0.0,0.10664041172567794,0.033417755686222815,-0.012,0.058418994413407824,0.9990868950252967,0.0,0.0,-0.04272442145555511,0.0,0.0,0.04,1.0,0.0,0.0,0.0,0.03315551650677881,-0.012791122156888594,0.20882127564193223,0.9990293025405235,0.0,0.0,0.0440505694105684
20630784,5036,32,18.48,0,12,154,770,0.01941340782122905,0.34203910614525157,0,0,,0.033525398269697554,-0.012769169059028033,0.16093854748603353,0.9942229409193094,0.0,0.0,0.10733472760369513,0.03346166188194394,-0.012,0.0584413407821229,0.999074921852622,0.0,0.0,-0.04300349433682189,0.0,0.0,0.04,1.0,0.0,0.0,0.0,0.033038117491368355,-0.012769169059028033,0.20933715732214214,0.9990977490823593,0.0,0.0,0.04246984552082844
20634880,5037,32,18.599999999999998,0,12,155,775,0.019636871508379894,0.36167597765363146,0,0,,0.03350975013448988,-0.012746268348433547,0.1615810055865922,0.9941477440870835,0.0,0.0,0.10802899113924327,0.03350746330313291,-0.012,0.05846368715083799,0.9990628707270969,0.0,0.0,-0.04328256386273974,0.0,0.0,0.04,1.0,0.0,0.0,0.0,0.03293338156027008,-0.012746268348433547,0.2098519921538272,0.9991642294819431,0.0,0.0,0.040875940646729905
20638976,5038,32,18.72,0,12,156,780,0.019860335195530723,0.3815363128491622,0,0,,0.03350144366121196,-0.012722448238674992,0.16222346368715085,0.9940720624523275,0.0,0.0,0.10872320199376029,0.03355510352265002,-0.012,0.058486033519553074,0.9990507416496612,0.0,0.0,-0.04356163001153424,0.0,0.0,0.04,1.0,0.0,0.0,0.0,0.032842372794093445,-0.012722448238674992,0.21036581944783422,0.9992286617022146,0.0,0.0,0.03926934724185324
20643072,5039,32,18.84,0,12,157,785,0.020083798882681567,0.40162011173184375,0,0,,0.03350051977140321,-0.012697738076017748,0.1628659217877095,0.9939958960519478,0.0,0.0,0.10941735982870983,0.03360452384796451,-0.012,0.05850837988826816,0.9990385346212617,0.0,0.0,-0.043840692761431266,0.0,0.0,0.04,1.0,0.0,0.0,0.0,0.032766048360964445,-0.012697738076017748,0.21087867882535447,0.9992909662283785,0.0,0.0,0.03765056193941291
20647168,5040,32,18.96,0,12,158,790,0.020307262569832403,0.42192737430167615,0,0,,0.03350698301657328,-0.012672168303268264,0.16350837988826816,0.9939192449230877,0.0,0.0,0.11011146430558133,0.03365566339346347,-0.012,0.05853072625698324,0.9990262496428505,0.0,0.0,-0.044119752090656925,0.0,0.0,0.04,1.0,0.0,0.0,0.0,0.03270524816396549,-0.012672168303268264,0.21139061020571917,0.9993510661665301,0.0,0.0,0.036020085394395926
20651264,5041,32,19.08,0,12,159,795,0.02053072625698324,0.4424581005586594,0,0,,0.03352080155577918,-0.012645770422268662,0.16415083798882682,0.9938421091031263,0.0,0.0,0.11080551508589032,0.03370845915546268,-0.012,0.058553072625698324,0.9990138867153863,0.0,0.0,-0.0443988079774376,0.0,0.0,0.04,1.0,0.0,0.0,0.0,0.03266068556397483,-0.012645770422268662,0.2119016537941038,0.9994088873390526,0.0,0.0,0.03437842212372173
20655360,5042,32,19.2,0,12,160,800,0.020754189944134076,0.4632122905027935,0,0,,0.03354190731248855,-0.012618576955086608,0.16479329608938548,0.9937644886296797,0.0,0.0,0.11149951183117845,0.03376284608982679,-0.012,0.05857541899441341,0.9990014458398336,0.0,0.0,-0.04467786039999996,0.0,0.0,0.04,1.0,0.0,0.0,0.0,0.03263293928054803,-0.012618576955086608,0.2124118500691436,0.9994643583766687,0.0,0.0,0.03272608034448855
20659456,5043,32,19.32,0,12,161,805,0.02097765363128492,0.4841899441340784,0,0,,0.03357019630995619,-0.012590621403948274,0.16543575418994413,0.9936863835405999,0.0,0.0,0.1121934542030138,0.033818757192103456,-0.012,0.058597765363128496,0.9989889270171634,0.0,0.0,-0.04495690933657092,0.0,0.0,0.04,1.0,0.0,0.0,0.0,0.0326224465615354,-0.012590621403948274,0.21292123977046565,0.9995174108070263,0.0,0.0,0.031063571810373145
20663552,5044,32,19.439999999999998,0,12,162,810,0.021201117318435755,0.5053910614525141,0,0,,0.03360552918346176,-0.012561938209963753,0.1660782122905028,0.9936077938739754,0.0,0.0,0.11288734186299086,0.0338761235800725,-0.012,0.058620111731843574,0.9989763302483521,0.0,0.0,-0.0452359547653777,0.0,0.0,0.04,1.0,0.0,0.0,0.0,0.03262949769917171,-0.012561938209963753,0.21342986388613966,0.9995679791397083,0.0,0.0,0.029391411646254518
20667648,5045,32,19.56,0,12,163,815,0.021424581005586592,0.5268156424581008,0,0,,0.03364773186688502,-0.012532562710695772,0.16672067039106145,0.9935287196681307,0.0,0.0,0.11358117447273088,0.033934874578608464,-0.012,0.05864245810055866,0.9989636555343828,0.0,0.0,-0.045514996664647735,0.0,0.0,0.04,1.0,0.0,0.0,0.0,0.032654231956544946,-0.012532562710695772,0.21393776364005335,0.9996160009475576,0.0,0.0,0.027710118181133676
20671744,5046,32,19.68,0,12,164,820,0.021648044692737435,0.5484636871508382,0,0,,0.03369659645023625,-0.01250253109662397,0.1673631284916201,0.9934491609616272,0.0,0.0,0.11427495169388195,0.033994937806752064,-0.012,0.058664804469273746,0.9989509028762444,0.0,0.0,-0.04579403501260881,0.0,0.0,0.04,1.0,0.0,0.0,0.0,0.03269663495379835,-0.01250253109662397,0.21444498047921387,0.999661416944214,0.0,0.0,0.026020212779423763
20675840,5047,32,19.8,0,12,165,825,0.02187150837988827,0.5703351955307264,0,0,,0.033751882203917276,-0.012471880366558405,0.1680055865921788,0.9933691177932619,0.0,0.0,0.11496867318811912,0.0340562392668832,-0.012,0.058687150837988825,0.9989380722749319,0.0,0.0,-0.046073069787488916,0.0,0.0,0.04,1.0,0.0,0.0,0.0,0.032756537548299464,-0.012471880366558405,0.2149515560609818,0.9997041710577639,0.0,0.0,0.02432221967068855
20679936,5048,32,19.919999999999998,0,12,166,830,0.022094972067039108,0.5924301675977656,0,0,,0.03381331676466712,-0.012440648282057177,0.16864804469273742,0.9932885902020686,0.0,0.0,0.11566233861714469,0.034118703435885654,-0.012,0.05870949720670391,0.9989251637314465,0.0,0.0,-0.04635210096751639,0.0,0.0,0.04,1.0,0.0,0.0,0.0,0.03283361622748426,-0.012440648282057177,0.2154575322402392,0.9997442105004112,0.0,0.0,0.022616665777907663
20684032,5049,32,20.04,0,12,167,835,0.022318435754189944,0.6147486033519555,0,0,,0.03388059747734968,-0.012408873320904375,0.1692905027932961,0.993207578227317,0.0,0.0,0.11635594764268822,0.03418225335819125,-0.012,0.058731843575418996,0.9989121772467953,0.0,0.0,-0.04663112853091978,0.0,0.0,0.04,1.0,0.0,0.0,0.0,0.03292739501732047,-0.012408873320904375,0.21596295105649793,0.9997814858340773,0.0,0.0,0.02090408054435071
20688128,5050,32,20.16,0,12,168,840,0.02254189944134078,0.6372905027932962,0,0,,0.033953392885973384,-0.012376594629705619,0.16993296089385473,0.9931260819085131,0.0,0.0,0.11704949992650684,0.034246810740588766,-0.012,0.05875418994413408,0.9988991128219914,0.0,0.0,-0.04691015245592799,0.0,0.0,0.04,1.0,0.0,0.0,0.0,0.033037248893501875,-0.012376594629705619,0.21646785472094993,0.9998159510318495,0.0,0.0,0.01918499575914249
20692224,5051,32,20.279999999999998,0,12,169,845,0.022765363128491617,0.6600558659217879,0,0,,0.03403134436659701,-0.012343851975659624,0.17057541899441342,0.9930441012853991,0.0,0.0,0.11774299513038532,0.03431229604868076,-0.012,0.05877653631284916,0.9988859704580545,0.0,0.0,-0.04718917272077014,0.0,0.0,0.04,1.0,0.0,0.0,0.0,0.03316240866675451,-0.012343851975659624,0.21697228560346582,0.9998475635351978,0.0,0.0,0.017459945381606376
20696320,5052,32,20.4,0,12,170,850,0.02298882681564246,0.6830446927374303,0,0,,0.034114067894077595,-0.012310685697565186,0.17121787709497208,0.9929616363979534,0.0,0.0,0.11843643291613629,0.03437862860486963,-0.012,0.058798882681564246,0.9988727501560098,0.0,0.0,-0.04746818930367568,0.0,0.0,0.04,1.0,0.0,0.0,0.0,0.0333019672981777,-0.012310685697565186,0.21747628621954346,0.9998762843068876,0.0,0.0,0.015729465364470657
20700416,5053,32,20.52,0,12,171,855,0.023212290502793297,0.7062569832402236,0,0,,0.03420115593395635,-0.012277136656123986,0.17186033519553073,0.9928786872863906,0.0,0.0,0.11912981294560032,0.03444572668775203,-0.012,0.05882122905027933,0.998859451916889,0.0,0.0,-0.04774720218287433,0.0,0.0,0.04,1.0,0.0,0.0,0.0,0.0334548875855228,-0.012277136656123986,0.21797989921721259,0.9999020778795212,0.0,0.0,0.013994093476028624
20704512,5054,32,20.64,0,12,172,860,0.023435754189944133,0.7296927374301677,0,0,,0.0342921794501624,-0.012243246183600377,0.1725027932960894,0.9927952539911613,0.0,0.0,0.11982313488064622,0.03451350763279925,-0.012,0.05884357541899441,0.9988460757417293,0.0,0.0,-0.0480262113365961,0.0,0.0,0.04,1.0,0.0,0.0,0.0,0.033620011146894134,-0.012243246183600377,0.21848316736389825,0.9999249123996451,0.0,0.0,0.012254369121340867
20708608,5055,32,20.759999999999998,0,12,173,865,0.023659217877094976,0.7533519553072627,0,0,,0.034386690018643445,-0.012209056032900229,0.17314525139664805,0.9927113365529522,0.0,0.0,0.12051639838317109,0.03458188793419954,-0.012,0.058865921787709496,0.9988326216315749,0.0,0.0,-0.04830521674307129,0.0,0.0,0.04,1.0,0.0,0.0,0.0,0.033796068614695175,-0.012209056032900229,0.21898613353324717,0.9999447596673671,0.0,0.0,0.010510833162572689
20712704,5056,32,20.88,0,12,174,870,0.023882681564245813,0.7772346368715085,0,0,,0.03448422203651057,-0.01217460832613155,0.1737877094972067,0.9926269350126863,0.0,0.0,0.12120960311510051,0.0346507833477369,-0.012,0.05888826815642458,0.9988190895874752,0.0,0.0,-0.0485842183805305,0.0,0.0,0.04,1.0,0.0,0.0,0.0,0.033981690939886594,-0.01217460832613155,0.2194888406919222,0.9999615951714335,0.0,0.0,0.008764027738558978
20716800,5057,32,21.0,0,12,175,875,0.02410614525139665,0.8013407821229052,0,0,,0.034584295015814025,-0.012139945502710234,0.17443016759776536,0.9925420494115226,0.0,0.0,0.12190274873838877,0.034720108994579536,-0.012,0.05891061452513967,0.9988054796104863,0.0,0.0,-0.048863216227204624,0.0,0.0,0.04,1.0,0.0,0.0,0.0,0.03417542169490965,-0.012139945502710234,0.21999133188636696,0.9999753981197197,0.0,0.0,0.007014496083690002
20720896,5058,32,21.119999999999997,0,12,176,880,0.024329608938547485,0.8256703910614527,0,0,,0.03468641595064966,-0.012105110267074894,0.17507262569832402,0.9924566797908558,0.0,0.0,0.12259583491501895,0.03478977946585021,-0.012,0.05893296089385475,0.9987917917016698,0.0,0.0,-0.049142210261324835,0.0,0.0,0.04,1.0,0.0,0.0,0.0,0.03437573025308447,-0.012105110267074894,0.2204936502295473,0.9999861514650972,0.0,0.0,0.005262782346214821
20724992,5059,32,21.24,0,12,177,885,0.02455307262569833,0.850223463687151,0,0,,0.034790081745934655,-0.012070145536075204,0.17571508379888268,0.9923708261923173,0.0,0.0,0.12328886130700313,0.0348597089278496,-0.012,0.05895530726256983,0.998778025862094,0.0,0.0,-0.04942120046112262,0.0,0.0,0.04,1.0,0.0,0.0,0.0,0.034581025713034425,-0.012070145536075204,0.22099583888767085,0.9999938419266422,0.0,0.0,0.0035094314060560377
20729088,5060,32,21.36,0,12,178,890,0.024776536312849158,0.8750000000000001,0,0,,0.034894781695887195,-0.012035094386098526,0.17635754189944133,0.9922844886577741,0.0,0.0,0.12398182757638251,0.034929811227802955,-0.012,0.05897765363128492,0.9987641820928327,0.0,0.0,-0.04970018680482975,0.0,0.0,0.04,1.0,0.0,0.0,0.0,0.0347896714288123,-0.012035094386098526,0.2214979410668914,0.9999984600061593,0.0,0.0,0.001754988692234615
20733184,5061,32,21.48,0,12,179,895,2.025,2.9,1,0,success,0.035,-0.012,0.177,0.992197667229329,0.0,0.0,0.12467473338522769,0.035,-0.012,0.059,0.9987502603949663,0.0,0.0,-0.04997916927067833,0.0,0.0,0.04,1.0,0.0,0.0,0.0,0.035,-0.012,0.22199999999999998,1.0,0.0,0.0,1.2246467991473533e-17
