global_step,callback_call,rollout,wall_time_s,env_id,episode,sample_index,episode_step,reward,episode_return,terminal,timeout,termination_reason,pin_x,pin_y,pin_z,pin_qw,pin_qx,pin_qy,pin_qz,pipe_x,pipe_y,pipe_z,pipe_qw,pipe_qx,pipe_qy,pipe_qz,center_x,center_y,center_z,center_qw,center_qx,center_qy,center_qz,ee_frame_x,ee_frame_y,ee_frame_z,ee_frame_qw,ee_frame_qx,ee_frame_qy,ee_frame_qz,contact_left_finger_fx_N,contact_left_finger_fy_N,contact_left_finger_fz_N,contact_left_finger_force_N,contact_right_finger_fx_N,contact_right_finger_fy_N,contact_right_finger_fz_N,contact_right_finger_force_N,contact_pin_tip_fx_N,contact_pin_tip_fy_N,contact_pin_tip_fz_N,contact_pin_tip_force_N,gripper_left_pos_rad,gripper_left_vel_rad_s,gripper_right_pos_rad,gripper_right_vel_rad_s
20800000,5078,33,0.0,0,13,0,0,-0.015,-0.015,0,0,,0.035,-0.012,0.062,1.0,0.0,0.0,0.0,0.035,-0.012,0.055,1.0,0.0,0.0,-0.0,0.0,0.0,0.04,1.0,0.0,0.0,0.0,0.035,-0.012,0.107,1.0,0.0,0.0,0.0,0.0,0.0,0.0,0.0,0.0,0.0,0.0,0.0,0.0,0.0,0.0,0.0,0.045399999999999996,-0.2791666666666667,0.0446,-0.2791666666666667
20804096,5079,33,0.12,0,13,1,5,-0.01463302752293578,-0.029633027522935777,0,0,,0.03517254887964905,-0.011942388016175417,0.06305504587155963,0.9999993424375774,0.0,0.0,0.0011467887394638948,0.03511522396764917,-0.012,0.05503669724770642,0.9999998947900027,0.0,0.0,-0.0004587155802431196,0.0,0.0,0.04,1.0,0.0,0.0,0.0,0.035344619942006085,-0.011942388016175417,0.10828558955710896,0.999995847628581,0.0,0.0,0.0028817920806030023,-1.6856994037189754,0.15402329577127694,0.26357087897640513,1.713118578377793,1.5773549707996648,0.14412380443854805,0.24663046993684454,1.6030118413828143,0.0,0.0,0.0,0.0,0.04281372021271747,-0.2827469556035902,0.04204366018355257,-0.2827469556035902
20808192,5080,33,0.24,0,13,2,10,-0.01426605504587156,-0.04389908256880734,0,0,,0.035342806903275036,-0.0118849674135673,0.06411009174311927,0.999997369751174,0.0,0.0,0.002293575970757426,0.03523006517286541,-0.012,0.05507339449541285,0.9999995791600329,0.0,0.0,-0.0009174310639633093,0.0,0.0,0.04,1.0,0.0,0.0,0.0,0.03568181598964074,-0.0118849674135673,0.10957098761371593,0.9999834043425018,0.0,0.0,0.005761166512131449,-3.3772658991483016,0.30858267098816966,0.5478350162185058,3.4352978653064876,3.193707249433358,0.29181081466903774,0.518059493992378,3.2485851052352976,0.0,0.0,0.0,0.0,0.04022490172168333,-0.28608768510730864,0.03945995030461096,-0.28608768510730864
20812288,5081,33,0.36,0,13,3,15,-0.013899082568807338,-0.05779816513761468,0,0,,0.03550851362954856,-0.011827928937642965,0.0651651376146789,0.9999940819433846,0.0,0.0,0.0034403601857122133,0.035344142124714074,-0.012,0.05511009174311927,0.999999053110157,0.0,0.0,-0.0013761463546376593,0.0,0.0,0.04,1.0,0.0,0.0,0.0,0.036004347786490074,-0.011827928937642965,0.11085600282838833,0.999962711579903,0.0,0.0,0.008635707832466241,-5.0532068656363744,0.46171433290078556,0.8468318029556037,5.14443425991796,4.8548853831699175,0.4435935883099418,0.813596484666146,4.942532407093323,0.0,0.0,0.0,0.0,0.03765437702098671,-0.2889653248202162,0.03685586748859452,-0.2889653248202162
20816384,5082,33,0.48,0,13,4,20,-0.013532110091743118,-0.0713302752293578,0,0,,0.03566746904272499,-0.011771462064483311,0.06622018348623854,0.9999894790185327,0.0,0.0,0.004587139876163843,0.03545707587103338,-0.012,0.05514678899082569,0.9999983166404858,0.0,0.0,-0.0018348613557433008,0.0,0.0,0.04,1.0,0.0,0.0,0.0,0.036305337080444644,-0.011771462064483311,0.11214044417770014,0.9999338382498687,0.0,0.0,0.011503004950243015,-6.693502861051275,0.6115890939031622,1.1529593755312242,6.819555490815237,6.5579100053147075,0.5991998989627652,1.1296034350734687,6.681409138591462,0.0,0.0,0.0,0.0,0.035117004944085595,-0.29118733002015834,0.03425035937224191,-0.29118733002015834
20820480,5083,33,0.6,0,13,5,25,-0.013165137614678898,-0.0844954128440367,0,0,,0.035817562761291485,-0.011715754371362335,0.06727522935779817,0.9999835609826719,0.0,0.0,0.005733913533953853,0.035568491257275334,-0.012,0.05518348623853211,0.999997369751174,0.0,0.0,-0.002293575970757426,0.0,0.0,0.04,1.0,0.0,0.0,0.0,0.036578436488448086,-0.011715754371362335,0.11342412111490517,0.9998968805012621,0.0,0.0,0.01436065332235176,-8.28302217716353,0.7568243613651957,1.4580245121276998,8.444351661276546,8.291212238152523,0.7575726918108904,1.4594661730845777,8.45270124113268,0.0,0.0,0.0,0.0,0.03261449841668644,-0.2926050249115067,0.031667323896445235,-0.2926050249115067
20824576,5084,33,0.72,0,13,6,30,-0.012798165137614679,-0.09729357798165138,0,0,,0.03595680205657948,-0.011660990913634296,0.06833027522935779,0.9999763278435851,0.0,0.0,0.006880679650931714,0.03567801817273141,-0.012,0.055220183486238535,0.9999962124424212,0.0,0.0,-0.0027522901031573075,0.0,0.0,0.04,1.0,0.0,0.0,0.0,0.03681798390876993,-0.011660990913634296,0.11470684372821408,0.9998519614002119,0.0,0.0,0.01720625712201865,-9.814300040419047,0.8967380747591006,1.7543584805118133,10.01011479136157,10.036133831437208,0.9170071521110138,1.7940124538908644,10.23637460648333,0.0,0.0,0.0,0.0,0.030132875287936393,-0.2931235506181726,0.02912610231093378,-0.2931235506181726
20828672,5085,33,0.84,0,13,7,35,-0.012431192660550459,-0.10972477064220183,0,0,,0.0360833383093519,-0.011607353609998431,0.06938532110091743,0.9999677796107849,0.0,0.0,0.008027436718956811,0.03578529278000314,-0.012,0.055256880733944955,0.9999948447144708,0.0,0.0,-0.00321100365642032,0.0,0.0,0.04,1.0,0.0,0.0,0.0,0.03701913843837245,-0.011607353609998431,0.11598842289854415,0.999799230517365,0.0,0.0,0.020037431394389824,-11.289292689339032,1.031508976690876,2.0357844697944802,11.517662896699745,11.769516933529859,1.075387334028109,2.122382725792015,12.007601559078088,0.0,0.0,0.0,0.0,0.0276457553161267,-0.29270821225195565,0.026632814139675488,-0.29270821225195565
20832768,5086,33,0.96,0,13,8,40,-0.012064220183486237,-0.12178899082568807,0,0,,0.03619549155311234,-0.01155502063818334,0.07044036697247706,0.999957916295513,0.0,0.0,0.009174183229900436,0.03588995872363332,-0.012,0.055293577981651375,0.9999932665676105,0.0,0.0,-0.003669716534023961,0.0,0.0,0.04,1.0,0.0,0.0,0.0,0.03717799417880293,-0.01155502063818334,0.11726867045661057,0.9997388634263253,0.0,0.0,0.02285180419658662,-12.719847441466904,1.1622195631797172,2.2982500333051696,12.97795155110455,13.46705392471897,1.2304922367763527,2.4332569453709216,13.74031993507616,0.0,0.0,0.0,0.0,0.02512273635211606,-0.29138680036980596,0.02417575528443287,-0.29138680036980596
20836864,5087,33,1.08,0,13,9,45,-0.011697247706422017,-0.13348623853211009,0,0,,0.03629177277828568,-0.011504165843058486,0.0714954128440367,0.9999467379107412,0.0,0.0,0.01032091767564776,0.035991668313883035,-0.012,0.0553302752293578,0.9999914780021723,0.0,0.0,-0.004128428639445868,0.0,0.0,0.04,1.0,0.0,0.0,0.0,0.03729166894197565,-0.011504165843058486,0.1185473993392287,0.9996710611150118,0.0,0.0,0.025647018719263958,-14.126788609691046,1.2907725633220244,2.540014051547632,14.411242889327102,15.10697087883808,1.3803323645638854,2.7162520349632953,15.411161918822556,0.0,0.0,0.0,0.0,0.02254026806751373,-0.2892477314898024,0.021726857573202373,-0.2892477314898024
20840960,5088,33,1.2,0,13,10,50,-0.011330275229357797,-0.14481651376146787,0,0,,0.03637090370114707,-0.011454958159139014,0.07255045871559633,0.9999342444711703,0.0,0.0,0.011467638548099821,0.03609008368172197,-0.012,0.05536697247706422,0.9999894790185327,0.0,0.0,-0.004587139876163843,0.0,0.0,0.04,1.0,0.0,0.0,0.0,0.03735836557889962,-0.011454958159139014,0.11982442374469765,0.9995960493119582,0.0,0.0,0.02842073538677651,-15.537688169368357,1.4196872439016772,2.761383274574018,15.844888863861547,16.673569770759165,1.5234733800693652,2.963254004748701,17.003228350428426,0.0,0.0,0.0,0.0,0.01989140558087201,-0.28643413208511714,0.019249252128032822,-0.28643413208511714
20845056,5089,33,1.3199999999999998,0,13,11,55,-0.010963302752293578,-0.15577981651376144,0,0,,0.03643183373503597,-0.011407561049402297,0.07360550458715596,0.9999204359932308,0.0,0.0,0.01261434433917551,0.03618487790119541,-0.012,0.05540366972477064,0.9999872696171124,0.0,0.0,-0.00504585014765587,0.0,0.0,0.04,1.0,0.0,0.0,0.0,0.03737740442912163,-0.011407561049402297,0.12109955928713595,0.9995140777298768,0.0,0.0,0.031170633933141574,-16.983552926266288,1.5517967140750923,2.9641012328844303,17.30996935756645,18.16015799052436,1.659303775783952,3.1694514641774143,18.509188254618653,0.0,0.0,0.0,0.0,0.017190940349240565,-0.28313426189973406,0.01670889960883953,-0.28313426189973406
20849152,5090,33,1.44,0,13,12,60,-0.010596330275229358,-0.1663761467889908,0,0,,0.03647375393853589,-0.011362131962280348,0.0746605504587156,0.9999053124950825,0.0,0.0,0.013761033540813553,0.03627573607543931,-0.012,0.05544036697247706,0.9999848497983761,0.0,0.0,-0.005504559357400136,0.0,0.0,0.04,1.0,0.0,0.0,0.0,0.03734922620383543,-0.011362131962280348,0.12237262314964123,0.9994254192290836,0.0,0.0,0.03389441545108227,-18.49480131813805,1.689880323484695,3.150573713397186,18.837183601288466,19.5709492778039,1.7882085634541636,3.3338946053131293,19.93325359142656,0.0,0.0,0.0,0.0,0.014473688752829762,-0.2795689173680158,0.01408671936919365,-0.2795689173680158
20853248,5091,33,1.56,0,13,13,65,-0.010229357798165136,-0.17660550458715593,0,0,,0.0364961077554358,-0.011318821808631974,0.07571559633027523,0.9998888739966147,0.0,0.0,0.014907704644974486,0.03636235638273606,-0.012,0.05547706422018349,0.9999822195628332,0.0,0.0,-0.005963267408875052,0.0,0.0,0.04,1.0,0.0,0.0,0.0,0.037275365447554235,-0.011318821808631974,0.12364343423614656,0.9993303689036601,0.0,0.0,0.03658980441153852,-20.097008472429277,1.8362748858057207,3.3231479710748593,20.452505162810592,20.92162503158558,1.9116205612616266,3.4595027349808603,21.291708393312327,0.0,0.0,0.0,0.0,0.0117858147452329,-0.2759766579834129,0.011387191004435766,-0.2759766579834129
20857344,5092,33,1.68,0,13,14,70,-0.009862385321100916,-0.18646788990825686,0,0,,0.03649859840388355,-0.01127777446043207,0.07677064220183487,0.9998711205194463,0.0,0.0,0.016054356143642652,0.03644445107913586,-0.012,0.05551376146788991,0.9999793789110369,0.0,0.0,-0.006421974205559271,0.0,0.0,0.04,1.0,0.0,0.0,0.0,0.03715839554780272,-0.01127777446043207,0.12491181332184742,0.9992292430934838,0.0,0.0,0.03925455065114699,-20.37392588594645,1.861576984502721,3.2547130478867072,20.716068205606803,20.777012307791633,1.8984072159403522,3.3191056761876885,21.12592371673629,0.0,0.0,0.0,0.0,0.011552082832558265,-0.0062625090139511235,0.0110032935753099,-0.0017407156444217728
20861440,5093,33,1.7999999999999998,0,13,15,75,-0.009495412844036696,-0.19596330275229357,0,0,,0.03648119281662883,-0.0112391262728434,0.07782568807339449,0.9998520520869251,0.0,0.0,0.01720098652882818,0.036521747454313205,-0.012,0.05555045871559633,0.9999763278435851,0.0,0.0,-0.006880679650931714,0.0,0.0,0.04,1.0,0.0,0.0,0.0,0.037001847055562594,-0.0112391262728434,0.1261775832020743,0.9991223783255132,0.0,0.0,0.041886431325312015,-20.604928639620894,1.8826838350922641,3.168158970258067,20.931908989091596,20.540442611413333,1.8767917106875123,3.1582437702447432,20.866399629796213,0.0,0.0,0.0,0.0,0.011616767252391542,-0.0050981894569521345,0.010849232461170746,-0.0045138156989265625
20865536,5094,33,1.92,0,13,16,80,-0.009128440366972475,-0.20509174311926603,0,0,,0.03644412208004252,-0.011203005631258443,0.07888073394495412,0.9998316687241284,0.0,0.0,0.01834759429256896,0.03659398873748312,-0.012,0.05558715596330275,0.9999730663611198,0.0,0.0,-0.00733938364847158,0.0,0.0,0.04,1.0,0.0,0.0,0.0,0.03681010181827643,-0.011203005631258443,0.1274405688394874,0.9990101301879482,0.0,0.0,0.04448325282461904,-20.8918583553205,1.9089007634302992,3.084131541507158,21.204374903041096,20.365389179391354,1.860796980858093,3.0064122614173208,20.670030394695637,0.0,0.0,0.0,0.0,0.011755988770069923,-0.0025922021387412876,0.01076116472080605,-0.006099035025491071
20869632,5095,33,2.04,0,13,17,85,-0.008761467889908257,-0.2138532110091743,0,0,,0.036387878366084,-0.011169532524816042,0.07993577981651376,0.9998099704578631,0.0,0.0,0.019494177926932633,0.03666093495036792,-0.012,0.055623853211009176,0.9999695944643273,0.0,0.0,-0.007798086101658379,0.0,0.0,0.04,1.0,0.0,0.0,0.0,0.036588266090787344,-0.011169532524816042,0.12870059750947072,0.9988928721411107,0.0,0.0,0.04704285265247667,-21.20729146992693,1.9377220632420546,3.0028799397787194,21.50630759143782,20.2705805497697,1.8521342634307343,2.8702448771871314,20.55638934272006,0.0,0.0,0.0,0.0,0.011933109080266924,0.0005959634448047326,0.010762266748315678,-0.006079198530317771
20873728,5096,33,2.16,0,13,18,90,-0.008394495412844035,-0.22224770642201833,0,0,,0.036313208397949305,-0.01113881814780955,0.08099082568807339,0.999786957316665,0.0,0.0,0.020640735924018574,0.0367223637043809,-0.012,0.055660550458715596,0.999965912153938,0.0,0.0,-0.008256786913971942,0.0,0.0,0.04,1.0,0.0,0.0,0.0,0.03634202635864297,-0.01113881814780955,0.12995749894360553,0.9987709942691023,0.0,0.0,0.049563101262015255,-21.52089373499985,1.9663760773096308,2.92513590573434,21.807611563341542,20.266794025989405,1.8517882866386257,2.7546777392023696,20.536803777542136,0.0,0.0,0.0,0.0,0.012101516221608079,0.003627291988945523,0.01085224852803934,-0.004459526495291863
20877824,5097,33,2.28,0,13,19,95,-0.008027522935779815,-0.23027522935779815,0,0,,0.03622110353615374,-0.011110964530310564,0.08204587155963303,0.9997626293307993,0.0,0.0,0.021787266775959876,0.036778070939378876,-0.012,0.055697247706422016,0.9999620194307269,0.0,0.0,-0.008715485988892447,0.0,0.0,0.04,1.0,0.0,0.0,0.0,0.036077492066515365,-0.011110964530310564,0.13121110547110318,0.9986449019764854,0.0,0.0,0.052041903850414864,-21.802409472194906,1.9920983274086717,2.8523297436113366,22.078253995857747,20.35568537187521,1.8599103385469737,2.6630601040605395,20.613225913089085,0.0,0.0,0.0,0.0,0.012216891238471375,0.005704042292484866,0.01100742995668329,-0.0016662607797007355
20881920,5098,33,2.4,0,13,20,100,-0.007660550458715595,-0.23793577981651376,0,0,,0.036112786616671805,-0.011086064199235291,0.08310091743119266,0.9997369865322603,0.0,0.0,0.022933768974925325,0.03682787160152942,-0.012,0.05573394495412844,0.999957916295513,0.0,0.0,-0.009174183229900436,0.0,0.0,0.04,1.0,0.0,0.0,0.0,0.035801029779174307,-0.011086064199235291,0.13246125215808055,0.9985150146344204,0.0,0.0,0.05447720210898533,-22.024656610749673,2.0124051725558076,2.7865611025229806,22.29125829059595,20.529534595675603,1.875795039198786,2.597398160082473,20.77803828435505,0.0,0.0,0.0,0.0,0.012248871402699727,0.006279685248595194,0.011186972630396832,0.0015655073471430075
20886016,5099,33,2.52,0,13,21,105,-0.007293577981651375,-0.24522935779816513,0,0,,0.03598969571587875,-0.011064199870979445,0.0841559633027523,0.9997100289547715,0.0,0.0,0.024080241013121402,0.036871600258041114,-0.012,0.055770642201834864,0.9999536027491598,0.0,0.0,-0.009632878540476841,0.0,0.0,0.04,1.0,0.0,0.0,0.0,0.03551909350425913,-0.011064199870979445,0.13370777694456193,0.9983817641808489,0.0,0.0,0.056866975927473,-22.16622173058325,2.0253400566015154,2.7303594880219717,22.425392997405584,20.77194389585425,1.897944112311556,2.558617106245712,21.014813027061365,0.0,0.0,0.0,0.0,0.012189040637231712,0.005202731470170912,0.011343627105212214,0.004385287893819866
20890112,5100,33,2.6399999999999997,0,13,22,110,-0.006926605504587156,-0.2521559633027523,0,0,,0.035853465057839304,-0.011045444176642686,0.08521100917431193,0.9996817566337854,0.0,0.0,0.025226681382794238,0.03690911164671463,-0.012,0.055807339449541284,0.9999490787925748,0.0,0.0,-0.010091571824102995,0.0,0.0,0.04,1.0,0.0,0.0,0.0,0.03523805596971581,-0.011045444176642686,0.13495052077909356,0.9982455936794634,0.0,0.0,0.05920924505122262,-22.213580467252775,2.0296672508149745,2.6863223031088275,22.46728808379696,21.059423680263507,1.9242113007347366,2.546748355417488,21.299949344083903,0.0,0.0,0.0,0.0,0.012053144337532693,0.00275659807558859,0.011436167322293436,0.006051011801281862
20894208,5101,33,2.76,0,13,23,115,-0.006559633027522934,-0.25871559633027524,0,0,,0.035705903317429434,-0.01102985942075542,0.08626605504587156,0.9996521696064838,0.0,0.0,0.026373088576231624,0.036940281158489165,-0.012,0.055844036697247704,0.9999443444267101,0.0,0.0,-0.010550262984260659,0.0,0.0,0.04,1.0,0.0,0.0,0.0,0.034964045572981564,-0.01102985942075542,0.1361893277508595,0.9981069558423311,0.0,0.0,0.061502070689977505,-22.162429233861754,2.024993534058434,2.656743026893391,22.41276760843817,21.363709601008875,1.952014075219085,2.560995724436918,21.60502594228196,0.0,0.0,0.0,0.0,0.011876945726157207,-0.000414976929170174,0.011440239885808157,0.0061243179445468685
20898304,5102,33,2.88,0,13,24,120,-0.006192660550458714,-0.26490825688073394,0,0,,0.03554896960735088,-0.011017497374309406,0.0873211009174312,0.9996212679117772,0.0,0.0,0.027519461085764974,0.036965005251381196,-0.012,0.05588073394495413,0.9999393996525617,0.0,0.0,-0.011008951924432043,0.0,0.0,0.04,1.0,0.0,0.0,0.0,0.034702793506694876,-0.011017497374309406,0.13742404521918844,0.9979663115211549,0.0,0.0,0.06374355707725518,-22.01809619566822,2.0118057437666392,2.643333318454517,22.267265962951168,21.654577977212863,1.9785908811666575,2.5996919513640546,21.899633957859095,0.0,0.0,0.0,0.0,0.011706814205115297,-0.0034773443079245446,0.01135477303739602,0.0045859146731283915
20902400,5103,33,3.0,0,13,25,125,-0.005825688073394494,-0.27073394495412845,0,0,,0.035384747467848504,-0.011008399102779742,0.08837614678899083,0.9995890515903052,0.0,0.0,0.02866579740377132,0.03698320179444052,-0.012,0.05591743119266055,0.9999342444711703,0.0,0.0,-0.011467638548099821,0.0,0.0,0.04,1.0,0.0,0.0,0.0,0.034459495223792505,-0.011008399102779742,0.13865452394034417,0.9978241281722467,0.0,0.0,0.06593185297938915,-21.79499312981878,1.99142069206466,2.647104344946732,22.045286192623287,21.902876008510674,2.001278010929909,2.660207227578063,22.15440799513457,0.0,0.0,0.0,0.0,0.011587522527337243,-0.005624594507929525,0.01120225870603204,0.0018406567085767342
20906496,5104,33,3.12,0,13,26,130,-0.0054587155963302745,-0.2761926605504587,0,0,,0.03521541720445757,-0.011002594829709472,0.08943119266055047,0.9995555206844364,0.0,0.0,0.029812096022675285,0.03699481034058106,-0.012,0.05595412844036697,0.9999288788836205,0.0,0.0,-0.011926322758747158,0.0,0.0,0.04,1.0,0.0,0.0,0.0,0.03423868994403358,-0.011002594829709472,0.1398806181914947,0.9976808783003679,0.0,0.0,0.06806515315347793,-21.515165602745707,1.9658526946671204,2.6684166540991474,21.76895438854553,22.083460868167467,2.017778150390936,2.738899427910732,22.34395315641994,0.0,0.0,0.0,0.0,0.011550464151149202,-0.006291645279314256,0.011022833407481591,-0.0013889986653313356
20910592,5105,33,3.2399999999999998,0,13,27,135,-0.005091743119266053,-0.2812844036697248,0,0,,0.035043226941040506,-0.011000103836310027,0.0904862385321101,0.999520675238268,0.0,0.0,0.030958355434951082,0.036999792327379946,-0.012,0.0559908256880734,0.9999233028910414,0.0,0.0,-0.012385004459857726,0.0,0.0,0.04,1.0,0.0,0.0,0.0,0.03404416133845147,-0.011000103836310027,0.1411021858917564,0.9975370378866499,0.0,0.0,0.07014169975363023,-21.20608809678412,1.937612110366062,2.707151287109399,21.465814243818112,22.1777495275002,2.026393357842658,2.831192764292383,22.44937630790276,0.0,0.0,0.0,0.0,0.011605391563985034,-0.005302951848269282,0.010863715696614715,-0.004253117460935092
20914688,5106,33,3.36,0,13,28,140,-0.004724770642201833,-0.28600917431192663,0,0,,0.034870462772429486,-0.011000934397410969,0.09154128440366972,0.9994845152976262,0.0,0.0,0.032104574133124474,0.036998131205178066,-0.012,0.05602752293577982,0.9999175164946063,0.0,0.0,-0.01284368355491572,0.0,0.0,0.04,1.0,0.0,0.0,0.0,0.03387886187520923,-0.011000934397410969,0.14231908872021315,0.9973930848058494,0.0,0.0,0.07215978368503917,-20.897925634454417,1.9094551341125858,2.7629143552516777,21.1660816039916,22.175618332251197,2.026198629342749,2.931838082806857,22.460169274674275,0.0,0.0,0.0,0.0,0.011737849763803158,-0.0029187042515430566,0.010766779871103267,-0.005997962320141195
20918784,5107,33,3.48,0,13,29,145,-0.004357798165137613,-0.2903669724770642,0,0,,0.03469941841294499,-0.011005083753971846,0.09259633027522936,0.9994470409100658,0.0,0.0,0.033250750609774775,0.03698983249205631,-0.012,0.05606422018348624,0.9999115196955327,0.0,0.0,-0.01330235994740589,0.0,0.0,0.04,1.0,0.0,0.0,0.0,0.03374486258958768,-0.011005083753971846,0.14353119223081232,0.9972494972382184,0.0,0.0,0.07411774590555668,-20.620537269785636,1.8841100043458956,2.8351750983078094,20.89963266761307,22.07645525978184,2.0171380440409803,3.0353533175467358,22.375256255252335,0.0,0.0,0.0,0.0,0.011912980317447112,0.00023364571404812446,0.010757536099428294,-0.0061643502102907005
20922880,5108,33,3.5999999999999996,0,13,30,150,-0.003990825688073393,-0.29435779816513763,0,0,,0.034532364743753756,-0.011012538122247449,0.09365137614678899,0.9994082521248702,0.0,0.0,0.03439688335753682,0.03697492375550511,-0.012,0.05610091743119266,0.9999053124950825,0.0,0.0,-0.013761033540813553,0.0,0.0,0.04,1.0,0.0,0.0,0.0,0.03364332927406432,-0.011012538122247449,0.1447383659640418,0.9971067520812712,0.0,0.0,0.07601397867457242,-20.40052374137884,1.8640072454051733,2.923257569893046,20.693026041481264,21.889253377584424,2.000033303535633,3.1365824939848217,22.203101053341964,0.0,0.0,0.0,0.0,0.01208469489889228,0.003324508180061161,0.010838417023717564,-0.004708493573083822
20926976,5109,33,3.7199999999999998,0,13,31,155,-0.0036238532110091735,-0.2979816513761468,0,0,,0.034371519663372534,-0.011023272739576017,0.09470642201834863,0.9993681489930516,0.0,0.0,0.03554297086910296,0.036953454520847966,-0.012,0.056137614678899085,0.9998988948945619,0.0,0.0,-0.01421970423862461,0.0,0.0,0.04,1.0,0.0,0.0,0.0,0.03357452529463097,-0.011023272739576017,0.14594048355529612,0.9969653233667237,0.0,0.0,0.07784692674912787,-20.25861759307434,1.8510412013976556,3.0261533425480667,20.566855480707492,21.631733389154725,1.9765035583999242,3.2312640287498104,21.96086343838355,0.0,0.0,0.0,0.0,0.012207804148268796,0.00554047466883843,0.01098813757217604,-0.0020135237008312543
20931072,5110,33,3.84,0,13,32,160,-0.003256880733944952,-0.3012385321100918,0,0,,0.034219018641599354,-0.011037251946638325,0.09576146788990826,0.9993267315673506,0.0,0.0,0.03668901163722504,0.036925496106723354,-0.012,0.056174311926605505,0.9998922668953211,0.0,0.0,-0.014678371944325579,0.0,0.0,0.04,1.0,0.0,0.0,0.0,0.033537840450231324,-0.011037251946638325,0.14713742283984071,0.996825680687846,0.0,0.0,0.07961508852731593,-20.20767815561566,1.8463868365537153,3.1421838238287236,20.53369718228737,21.328585624226896,1.9488047778481428,3.316478826389433,21.67268872562958,0.0,0.0,0.0,0.0,0.012249909953974463,0.00629837917154046,0.011167296456414217,0.00121133621545595
20935168,5111,33,3.96,0,13,33,165,-0.002889908256880732,-0.3041284403669725,0,0,,0.034076886367814765,-0.01105442930591434,0.0968165137614679,0.9992839999022363,0.0,0.0,0.037835004154716356,0.036891141388171324,-0.012,0.056211009174311925,0.999885428498755,0.0,0.0,-0.0151370365614036,0.0,0.0,0.04,1.0,0.0,0.0,0.0,0.03353184452695378,-0.01105442930591434,0.1483290659542878,0.9966882876424278,0.0,0.0,0.08131701713912688,-20.25148905090367,1.8503898625191169,3.2685983953143607,20.596856238077603,21.009015091426324,1.9196054398257556,3.3908633998400752,21.36730106383964,0.0,0.0,0.0,0.0,0.012199931519080855,0.005398767343455514,0.011328745232627354,0.004117414187292399
20939264,5112,33,4.08,0,13,34,170,-0.002522935779816512,-0.306651376146789,0,0,,0.033947009870066325,-0.011074747755944003,0.09787155963302752,0.9992399540539062,0.0,0.0,0.03898094691445368,0.036850504488112,-0.012,0.05624770642201835,0.9998783797063022,0.0,0.0,-0.015595697993346471,0.0,0.0,0.04,1.0,0.0,0.0,0.0,0.033554363480064756,-0.011074747755944003,0.14951529943449918,0.9965536002964874,0.0,0.0,0.08295132148500506,-20.38446982390787,1.8625403900017345,3.4012316778399025,20.750037195931487,20.70384538980605,1.8917219137893857,3.4545207896610455,21.075140322434507,0.0,0.0,0.0,0.0,0.012071021445196596,0.0030783860135388387,0.011429996147082228,0.005939930647480121
20943360,5113,33,4.2,0,13,35,175,-0.0021559633027522923,-0.3088073394495413,0,0,,0.03383111346182235,-0.011098139800879656,0.09892660550458715,0.999194594080286,0.0,0.0,0.04012683840937923,0.03680372039824069,-0.012,0.05628440366972477,0.9998711205194463,0.0,0.0,-0.016054356143642652,0.0,0.0,0.04,1.0,0.0,0.0,0.0,0.03360257552630566,-0.011098139800879656,0.15069601430983512,0.9964220656737814,0.0,0.0,0.08451666722247436,-20.592316838724845,1.8815314878022702,3.534348243456005,20.977971566193972,20.442479403448232,1.8678407576754728,3.508630997537471,20.82532796220313,0.0,0.0,0.0,0.0,0.011897104421014864,-5.2120421732336284e-05,0.011444403448602983,0.006199262074853717
20947456,5114,33,4.32,0,13,36,180,-0.0017889908256880725,-0.31059633027522937,0,0,,0.03373073584901601,-0.011124527734700466,0.09998165137614679,0.9991479200410298,0.0,0.0,0.04127267713250262,0.03675094453059907,-0.012,0.05632110091743119,0.9998636509397145,0.0,0.0,-0.016513010915781303,0.0,0.0,0.04,1.0,0.0,0.0,0.0,0.033673123865191425,-0.011124527734700466,0.15187110619367036,0.9962941202760691,0.0,0.0,0.08601177770127488,-20.853493945353847,1.9053953858698947,3.660773155207339,21.25793972611858,20.250022641277056,1.850255875852726,3.5548354377346043,20.642764319919333,0.0,0.0,0.0,0.0,0.011723949413428865,-0.003168910558280308,0.011368175631962192,0.004827161375319467
20951552,5115,33,4.4399999999999995,0,13,37,185,-0.0014220183486238509,-0.31201834862385325,0,0,,0.033647209701319486,-0.011153823899344002,0.10103669724770642,0.9990999319975199,0.0,0.0,0.042418461576902884,0.036692352201312,-0.012,0.05635779816513761,0.9998559709686787,0.0,0.0,-0.016971662213252282,0.0,0.0,0.04,1.0,0.0,0.0,0.0,0.03376224228775219,-0.011153823899344002,0.15304047537010268,0.9961701886389813,0.0,0.0,0.08743543484752782,-21.141411713275694,1.9317025930911802,3.772348317229853,21.5620355246181,20.14485014653525,1.8406462062824087,3.5945277724008355,20.54564663839092,0.0,0.0,0.0,0.0,0.011597124852825928,-0.005451752649133186,0.011221373231386382,0.0021847181649549
20955648,5116,33,4.56,0,13,38,190,-0.001055045871559631,-0.3130733944954129,0,0,,0.03358164395887151,-0.011185930975897514,0.10209174311926605,0.9990506300128663,0.0,0.0,0.043564190235730424,0.03662813804820498,-0.012,0.05639449541284404,0.9998480806079548,0.0,0.0,-0.017430309939546192,0.0,0.0,0.04,1.0,0.0,0.0,0.0,0.033865889587509176,-0.011185930975897514,0.15420402687678153,0.9960506819282098,0.0,0.0,0.08878647999751027,-21.427073110574703,1.9578036344687544,3.860681713832665,21.85994786024373,20.136845956668676,1.839914858984955,3.628211494775212,20.543655235175073,0.0,0.0,0.0,0.0,0.011550006592678658,-0.006299881331784056,0.011042629579313306,-0.001032667572360476
20959744,5117,33,4.68,0,13,39,195,-0.0006880733944954111,-0.3137614678899083,0,0,,0.03353490910936403,-0.011220742307881563,0.10314678899082569,0.9990000141519074,0.0,0.0,0.044709861602209015,0.03655851538423688,-0.012,0.05643119266055046,0.9998399798592033,0.0,0.0,-0.017888953998154378,0.0,0.0,0.04,1.0,0.0,0.0,0.0,0.03397988847118069,-0.011220742307881563,0.1553616705837884,0.995935996580596,0.0,0.0,0.09006381468167585,-21.681927165564698,1.981089791777485,3.918086796275312,22.121981975381058,20.22647357561681,1.8481041845741246,3.655075420495801,20.636988605697248,0.0,0.0,0.0,0.0,0.011594994535175426,-0.005490098366842244,0.010878983844752404,-0.003978290794456701
20963840,5118,33,4.8,0,13,40,200,-0.0003211009174311913,-0.3140825688073395,0,0,,0.03350762563095777,-0.011258142255552132,0.10420183486238532,0.9989480844812095,0.0,0.0,0.045855474169637776,0.03648371548889574,-0.012,0.05646788990825688,0.9998316687241284,0.0,0.0,-0.01834759429256896,0.0,0.0,0.04,1.0,0.0,0.0,0.0,0.03410006458155548,-0.011258142255552132,0.15651332126850298,0.9958265129945417,0.0,0.0,0.09126640135960078,-21.880660501068576,1.9992481676103266,3.9385592708451043,22.3220193156595,20.404755572310435,1.8643939101603444,3.6728936598932562,20.81634363798938,0.0,0.0,0.0,0.0,0.011720249404314265,-0.003235510722343135,0.010773501945158116,-0.005876964987153883
20967936,5119,33,4.92,0,13,41,205,4.5871559633028566e-05,-0.31403669724770644,0,0,,0.03350015575446504,-0.011298006580044213,0.10525688073394496,0.9988948410690665,0.0,0.0,0.04700102643139317,0.03640398683991158,-0.012,0.05650458715596331,0.9998231472044793,0.0,0.0,-0.01880623072628285,0.0,0.0,0.04,1.0,0.0,0.0,0.0,0.034222381294032975,-0.011298006580044213,0.15765889868639293,0.9957225942739945,0.0,0.0,0.0923932641065687,-22.00366748600759,2.0104873845083078,3.9186202759763096,22.440120927155167,20.654157653577357,1.8871819175857485,3.678286859042367,21.06384291116639,-0.0029461175513664528,8.700268176357522e-05,-0.0657412350720031,0.06580727290266232,0.011892808435318118,-0.00012944816427377565,0.01075394308117844,-0.006229024538788058
20972032,5120,33,5.04,0,13,42,210,0.00041284403669725016,-0.3136238532110092,0,0,,0.03351259865416961,-0.011340202856080835,0.10631192660550459,0.9988402839855,0.0,0.0,0.04814651688093094,0.03631959428783833,-0.012,0.05654128440366973,0.9998144153020488,0.0,0.0,-0.01926486320278977,0.0,0.0,0.04,1.0,0.0,0.0,0.0,0.03434306612935357,-0.011340202856080835,0.15879832763766902,0.9956245850300767,0.0,0.0,0.0934434892525299,-22.038970156416696,2.013713009215739,3.857872965455239,22.464514894751254,20.950292895617388,1.9142399600056497,3.6673024196114405,21.35481664808965,-0.00850838216084168,0.0036113331655927006,-0.3040419561991405,0.3041824212929273,0.012067260038296359,0.003010680689334571,0.01082545447173669,-0.004941819508739576
20976128,5121,33,5.16,0,13,43,215,0.00077981651376147,-0.31284403669724775,0,0,,0.03354478913113313,-0.011384590911876508,0.10736697247706423,0.9987844133022595,0.0,0.0,0.04929194401178815,0.03623081817624699,-0.012,0.05657798165137615,0.9998054730186745,0.0,0.0,-0.019723491625584278,0.0,0.0,0.04,1.0,0.0,0.0,0.0,0.03445872493189784,-0.011384590911876508,0.1599315380297495,0.9955328102442389,0.0,0.0,0.09441622597418403,-21.98340638077212,2.0086361160096353,3.7591702074224926,22.39276972143204,21.264289378976798,1.9429299940181846,3.636200947701014,21.660261704018783,-0.006515281141140193,0.01372398967978504,-0.6161332574106541,0.6163205234847711,0.012197694563640248,0.005358502145524569,0.010969216783404482,-0.002354097898719289
20980224,5122,33,5.279999999999999,0,13,44,220,0.0011467889908256881,-0.31169724770642204,0,0,,0.03359629980646917,-0.011431023294773798,0.10842201834862386,0.998727229092822,0.0,0.0,0.05043730631758511,0.03613795341045241,-0.012,0.05661467889908257,0.9997963203562379,0.0,0.0,-0.020182115898161785,0.0,0.0,0.04,1.0,0.0,0.0,0.0,0.034566440385713756,-0.011431023294773798,0.16105846493548234,0.9954475741966067,0.0,0.0,0.09531068684093713,-21.842966820532332,1.9958040749724975,3.6283635405266788,22.232036690568332,21.565603059379495,1.9704611932427964,3.5822902865269377,21.949732488705628,0.006867557662001087,0.03151723302776785,-0.973496319974711,0.9740305869582702,0.012249786139571084,0.006296150512279617,0.01114739673037112,0.0008531411466801948
20984320,5123,33,5.3999999999999995,0,13,45,225,0.0015137614678899097,-0.31018348623853215,0,0,,0.03366644679546585,-0.011479345761066233,0.1094770642201835,0.9986687314323918,0.0,0.0,0.0515826022920274,0.03604130847786754,-0.012,0.056651376146788994,0.999786957316665,0.0,0.0,-0.020640735924018574,0.0,0.0,0.04,1.0,0.0,0.0,0.0,0.03466385196575637,-0.011479345761066233,0.16217904864707688,0.9953691594629758,0.0,0.0,0.09612614831547714,-21.632235664878586,1.9765494516132718,3.473681839457841,21.998337053452403,21.82501175763288,1.9941635108497044,3.504637623356287,22.194375665917303,0.03305493745132635,0.05664200719969395,-1.3471316980725132,1.3487270879689686,0.012209826058586478,0.005576869054556702,0.011313103491383661,0.0038358628449059167
20988416,5124,33,5.52,0,13,46,230,0.0018807339449541313,-0.308302752293578,0,0,,0.033754298787224066,-0.01152939778838038,0.11053211009174313,0.9986089203979005,0.0,0.0,0.05272783042890783,0.03594120442323925,-0.012,0.056688073394495414,0.9997773839019258,0.0,0.0,-0.021099351606651818,0.0,0.0,0.04,1.0,0.0,0.0,0.0,0.03474921503325222,-0.01152939778838038,0.16329323472569976,0.9952978259836855,0.0,0.0,0.09686195120969461,-21.37297308667831,1.9528604850772058,3.304854963547176,21.714965092491717,22.01750095458354,2.011751356256364,3.40451686433901,22.369806143193443,0.07056092306560374,0.08696043458952184,-1.6997996854499424,1.7034846438120865,0.01208833043681847,0.003389947862732566,0.01142272875785675,0.005809117641421526
20992512,5125,33,5.64,0,13,47,235,0.0022477064220183494,-0.3060550458715597,0,0,,0.033858689409265105,-0.011581013108915022,0.11158715596330276,0.9985477960680073,0.0,0.0,0.05387298922210842,0.035837973782169956,-0.012,0.056724770642201834,0.999767600114035,0.0,0.0,-0.021557962849559614,0.0,0.0,0.04,1.0,0.0,0.0,0.0,0.03482143746262678,-0.011581013108915022,0.1644009740466946,0.9952338102073627,0.0,0.0,0.09751750109665018,-21.09196268139744,1.9271844074373297,3.1321380532608516,21.41016623658996,22.12475295520283,2.0215510314398526,3.2855065077042402,22.458537684222428,0.11489776398250297,0.11882193780091112,-1.993895727691303,2.000734945457937,0.011917272734694713,0.00031090922450495147,0.011447422937776768,0.006253612879981854
20996608,5126,33,5.76,0,13,48,240,0.002614678899082571,-0.3034403669724771,0,0,,0.03397823271294796,-0.011634020261766085,0.1126422018348624,0.9984853585230982,0.0,0.0,0.05501807716560239,0.03573195947646784,-0.012,0.056761467889908254,0.9997576059550511,0.0,0.0,-0.02201656955624098,0.0,0.0,0.04,1.0,0.0,0.0,0.0,0.034880092912068304,-0.011634020261766085,0.16550222284038715,0.9951773243122839,0.0,0.0,0.09809226867925541,-20.81832610518972,1.9021820806772332,2.9653972573520364,21.11432166525802,22.136981627471403,2.0226683720532246,3.153228759722029,22.45172586972879,0.1595806903249789,0.14790364709445372,-2.1997917304489145,2.2105259878363492,0.011741669444086349,-0.0028499500064456044,0.01138068737404829,0.00505237273286923
21000704,5127,33,5.88,0,13,49,245,0.0029816513761467926,-0.3004587155963303,0,0,,0.03411134157410345,-0.011688243162502502,0.11369724770642203,0.9984216078452863,0.0,0.0,0.056163092753456136,0.035623513674995,-0.012,0.05679816513761468,0.9997474014270771,0.0,0.0,-0.0224751716301959,0.0,0.0,0.04,1.0,0.0,0.0,0.0,0.03492541059820593,-0.011688243162502502,0.16659694272844244,0.9951285555078533,0.0,0.0,0.09858579011629139,-20.58056953947489,1.880458130510396,2.8133872394490522,20.85692002930584,22.053915482503967,2.0150785720054385,3.0147953038595863,22.350049675223488,0.19796307397407892,0.17038844628607494,-2.303010813914468,2.317774883437136,0.011607733299094633,-0.00526080061629648,0.011240084567072059,0.002521522207297078
21004800,5128,33,6.0,0,13,50,250,0.0033486238532110107,-0.2971100917431193,0,0,,0.03425624876458773,-0.011743501688101,0.11475229357798165,0.9983565441184119,0.0,0.0,0.05730803447983121,0.035512996623798004,-0.012,0.0568348623853211,0.9997369865322603,0.0,0.0,-0.022933768974925325,0.0,0.0,0.04,1.0,0.0,0.0,0.0,0.03495824218454351,-0.011743501688101,0.16768510075574372,0.9950876654184311,0.0,0.0,0.09899766730633944,-20.403662856531465,1.864294068109474,2.6832935189635942,20.663618135367823,21.88481768627876,1.999628011944252,2.878080758058279,22.16364379333229,0.22531973495477334,0.18413386739186366,-2.308813262636754,2.3270781993324046,0.011550711677109856,-0.006287189812022484,0.011062616329913039,-0.0006729060615652874
21008896,5129,33,6.12,0,13,51,255,0.0037155963302752323,-0.29339449541284407,0,0,,0.03441103041499765,-0.01179961227529666,0.11580733944954129,0.9982901674280418,0.0,0.0,0.058452900838986306,0.03540077544940669,-0.012,0.05687155963302752,0.9997263612727921,0.0,0.0,-0.02339236149393121,0.0,0.0,0.04,1.0,0.0,0.0,0.0,0.03498000712022385,-0.01179961227529666,0.16876666941776652,0.9950547895514859,0.0,0.0,0.0993275681301425,-20.306455768527353,1.8554122022004684,2.5805441554962907,20.55368357394115,21.647533240431986,1.977947199633379,2.7509682645402207,21.911088446552643,0.2866447885753711,0.2258417128186598,-2.6739081668466893,2.6986949806889453,0.011585610703846835,-0.005659007330756872,0.01089498618633115,-0.0036902486460392526
21012992,5130,33,6.24,0,13,52,260,0.0040825688073394505,-0.28931192660550464,0,0,,0.03457363155704351,-0.011856388530361625,0.11686238532110092,0.9982224778614696,0.0,0.0,0.05959769032527922,0.035287222939276754,-0.012,0.05690825688073395,0.9997155256509084,0.0,0.0,-0.02385094909071651,0.0,0.0,0.04,1.0,0.0,0.0,0.0,0.03499261844812849,-0.011856388530361625,0.16984162668342515,0.9950300368517688,0.0,0.0,0.09957522665185183,-20.299703914089505,1.8547952814904116,2.508833853977577,20.5380741999537,21.366658330697895,1.9522835022972695,2.640698405912254,21.617557382024255,0.37136904279767247,0.28535790870239347,-3.240913405325085,3.274578416044316,0.011703246158227472,-0.00354156915190541,0.010781308612916603,-0.00573644496750113
21017088,5131,33,6.359999999999999,0,13,53,265,0.004449541284403672,-0.284862385321101,0,0,,0.03474189340646445,-0.011913641848286322,0.11791743119266056,0.9981534755077156,0.0,0.0,0.06074240143316886,0.03517271630342736,-0.012,0.05694495412844037,0.9997044796688891,0.0,0.0,-0.02430953166878523,0.0,0.0,0.04,1.0,0.0,0.0,0.0,0.03499839171836345,-0.011913641848286322,0.1709099560133728,0.9950134893429332,0.0,0.0,0.09974044327954754,-20.384915226487202,1.8625810866841097,2.470265246068477,20.618345895863637,21.07102127816385,1.9252709797307068,2.553408291587345,21.312308649082905,0.4521467831133772,0.3420116522575648,-3.7805150032258843,3.822787251911324,0.01187266044284377,-0.0004921120288120097,0.01075149962921141,-0.006273006674194602
21021184,5132,33,6.4799999999999995,0,13,54,270,0.004816513761467894,-0.28004587155963306,0,0,,0.034913582024263125,-0.011971182039306335,0.11897247706422019,0.9980831604575264,0.0,0.0,0.06188703265721722,0.03505763592138734,-0.012,0.05698165137614679,0.9996932233290586,0.0,0.0,-0.02476810913164243,0.0,0.0,0.04,1.0,0.0,0.0,0.0,0.0349999401759768,-0.011971182039306335,0.17197164637373996,0.9950052018577453,0.0,0.0,0.09982308488534795,-20.55414097497174,1.8780433378146768,2.465505990782992,20.78649748727065,20.790737130101498,1.8996612606184111,2.493886122970416,21.025768269255224,0.517256706496195,0.38830576417013857,-4.235252863008322,4.2843555735399965,0.012049269556673861,0.0026868520201296033,0.010813403932390804,-0.005158729216965506
21025280,5133,33,6.6,0,13,55,275,0.005183486238532108,-0.27486238532110097,0,0,,0.03508641797573688,-0.012028817960693666,0.12002752293577981,0.9980115328033753,0.0,0.0,0.06303158249209131,0.03494236407861267,-0.012,0.05701834862385321,0.9996817566337854,0.0,0.0,-0.025226681382794238,0.0,0.0,0.04,1.0,0.0,0.0,0.0,0.035000059824023204,-0.012028817960693666,0.1730266922452996,0.9950052018577453,0.0,0.0,0.09982308488534795,-20.790737130101494,1.8996612606184107,2.4938861229704155,21.02576826925522,20.554140974971745,1.878043337814677,2.4655059907829924,20.786497487270655,0.5563141728435762,0.4176262913399122,-4.555051995802773,4.607862396230142,0.012186596067609188,0.005158729216965498,0.010950730443326132,-0.002686852020129616
21029376,5134,33,6.72,0,13,56,280,0.005550458715596333,-0.2693119266055046,0,0,,0.03525810659353556,-0.012086358151713678,0.12108256880733945,0.9979385926394614,0.0,0.0,0.06417604943256525,0.03482728369657265,-0.012,0.057055045871559636,0.9996700795854824,0.0,0.0,-0.025685248325747884,0.0,0.0,0.04,1.0,0.0,0.0,0.0,0.03500160828163656,-0.012086358151713678,0.1740750936280517,0.9950134893429332,0.0,0.0,0.09974044327954754,-21.07102127816385,1.9252709797307068,2.553408291587345,21.312308649082905,20.384915226487202,1.8625810866841097,2.470265246068477,20.618345895863637,0.5629355900552196,0.42581422330078844,-4.70684858001063,4.759478730540158,0.012248500370788583,0.006273006674194603,0.011127339557156222,0.0004921120288120182
21033472,5135,33,6.84,0,13,57,285,0.0059174311926605515,-0.2633944954128441,0,0,,0.0354263684429565,-0.012143611469638375,0.12213761467889908,0.9978643400617102,0.0,0.0,0.06532043197352208,0.03471277706072325,-0.012,0.057091743119266056,0.9996581921866066,0.0,0.0,-0.026143809864011717,0.0,0.0,0.04,1.0,0.0,0.0,0.0,0.03500738155187152,-0.012143611469638375,0.17511685604122332,0.9950300368517688,0.0,0.0,0.09957522665185183,-21.36665833069789,1.9522835022972693,2.6406984059122536,21.617557382024252,20.299703914089505,1.8547952814904116,2.5088338539775767,20.5380741999537,0.5365176890534039,0.4122572107162185,-4.682154865543118,4.730790782034629,0.01221869138708339,0.005736444967501136,0.011296753841772521,0.0035415691519053993
21037568,5136,33,6.96,0,13,58,290,0.006284403669724773,-0.25711009174311933,0,0,,0.03558896958500236,-0.01220038772470334,0.12319266055045872,0.9977887751677731,0.0,0.0,0.06646472860995592,0.03459922455059332,-0.012,0.057128440366972476,0.9996460944396593,0.0,0.0,-0.02660236590109522,0.0,0.0,0.04,1.0,0.0,0.0,0.0,0.035019992879776154,-0.01220038772470334,0.17615199051868397,0.9950547895514859,0.0,0.0,0.0993275681301425,-21.64753324043198,1.9779471996333786,2.7509682645402203,21.911088446552636,20.306455768527353,1.8554122022004684,2.5805441554962916,20.55368357394115,0.48252683849317446,0.38017327378557003,-4.5011544098955625,4.542879581244623,0.01210501381366884,0.0036902486460392457,0.011414389296153158,0.005659007330756876
21041664,5137,33,7.08,0,13,59,295,0.006651376146788991,-0.2504587155963303,0,0,,0.03574375123541228,-0.012256498311899,0.12424770642201835,0.9977118980570274,0.0,0.0,0.06760893783697382,0.034487003376202,-0.012,0.057165137614678896,0.9996337863471862,0.0,0.0,-0.02706091634050903,0.0,0.0,0.04,1.0,0.0,0.0,0.0,0.035041757815456494,-0.012256498311899,0.17718051359978043,0.9950876654184311,0.0,0.0,0.09899766730633944,-21.88481768627875,1.9996280119442513,2.878080758058278,22.163643793332284,20.40366285653146,1.8642940681094737,2.683293518963594,20.66361813536782,0.44470442515062564,0.3634175482484761,-4.556811124188063,4.592859889180984,0.011937383670086956,0.0006729060615653013,0.011449288322890137,0.006287189812022484
21045760,5138,33,7.199999999999999,0,13,60,300,0.007018348623853213,-0.24344036697247712,0,0,,0.03588865842589656,-0.012311756837497499,0.12530275229357798,0.997633708830576,0.0,0.0,0.06875305814979782,0.03437648632500501,-0.012,0.05720183486238532,0.9996212679117772,0.0,0.0,-0.027519461085764974,0.0,0.0,0.04,1.0,0.0,0.0,0.0,0.035074589401794073,-0.012311756837497499,0.17820244731559842,0.9951285555078533,0.0,0.0,0.09858579011629139,-22.053915482503967,2.0150785720054385,3.0147953038595867,22.350049675223488,20.58056953947489,1.880458130510396,2.8133872394490527,20.85692002930584,0.46212266108083916,0.3977527759821553,-5.376121235435349,5.41058630490124,0.011759915432927934,-0.002521522207297086,0.011392266700905358,0.005260800616296476
21049856,5139,33,7.319999999999999,0,13,61,305,0.007385321100917431,-0.23605504587155968,0,0,,0.036021767287052045,-0.012365979738233916,0.12635779816513762,0.9975542075912476,0.0,0.0,0.06989708804376683,0.034268040523532176,-0.012,0.05723853211009174,0.9996085391360664,0.0,0.0,-0.02797800004037606,0.0,0.0,0.04,1.0,0.0,0.0,0.0,0.0351199070879317,-0.012365979738233916,0.1792178191706624,0.9951773243122839,0.0,0.0,0.09809226867925541,-22.136981627471403,2.0226683720532246,3.1532287597220283,22.45172586972879,20.818326105189715,1.9021820806772327,2.9653972573520355,21.114321665258018,0.44598300969573895,0.4133489681103095,-6.147797297100918,6.177796518226906,0.011619312625951703,-0.005052372732869221,0.011258330555913644,0.0028499500064456166
21053952,5140,33,7.4399999999999995,0,13,62,310,0.0077522935779816525,-0.22830275229357802,0,0,,0.0361413105907349,-0.012418986891084978,0.12741284403669725,0.9974733944435962,0.0,0.0,0.07104102601433876,0.03416202621783005,-0.012,0.05727522935779816,0.9995956000227321,0.0,0.0,-0.02843653310785653,0.0,0.0,0.04,1.0,0.0,0.0,0.0,0.035178562537373226,-0.012418986891084978,0.18022666212008912,0.9952338102073627,0.0,0.0,0.09751750109665018,-22.12475295520283,2.0215510314398526,3.285506507704241,22.458537684222428,21.09196268139744,1.9271844074373297,3.1321380532608525,21.41016623658996,0.3909404420741703,0.40429247081841985,-6.784244098537393,6.8075145846152285,0.011552577062223224,-0.006253612879981859,0.011082727265305278,-0.0003109092245049599
21058048,5141,33,7.56,0,13,63,315,0.00811926605504587,-0.22018348623853215,0,0,,0.03624570121277594,-0.01247060221161962,0.12846788990825686,0.9973912694939012,0.0,0.0,0.07218487055709233,0.03405879557676076,-0.012,0.05731192660550459,0.999582450574497,0.0,0.0,-0.028895060191721854,0.0,0.0,0.04,1.0,0.0,0.0,0.0,0.035250784966747786,-0.01247060221161962,0.1812290145422135,0.9952978259836855,0.0,0.0,0.09686195120969461,-22.01750095458354,2.011751356256364,3.4045168643390094,22.369806143193443,21.372973086678307,1.9528604850772056,3.3048549635471747,21.714965092491713,0.29932809486204737,0.3688968352902094,-7.2107588646450065,7.226390910234334,0.011577271242143243,-0.005809117641421515,0.010911669563181523,-0.0033899478627325737
21062144,5142,33,7.68,0,13,64,320,0.008486238532110096,-0.21169724770642206,0,0,,0.03633355320453416,-0.012520654238933768,0.12952293577981652,0.9973078328501671,0.0,0.0,0.07332862016772917,0.03395869152213247,-0.012,0.05734862385321101,0.999569090794128,0.0,0.0,-0.029353581195488768,0.0,0.0,0.04,1.0,0.0,0.0,0.0,0.035336148034243633,-0.012520654238933768,0.18222492020670994,0.9953691594629758,0.0,0.0,0.09612614831547714,-21.825011757632886,1.9941635108497051,3.504637623356288,22.19437566591731,21.632235664878586,1.9765494516132718,3.473681839457842,21.998337053452403,0.181057065179088,0.3102542730425848,-7.378858665876675,7.3875973486496775,0.011686896508616332,-0.0038358628449059098,0.010790173941413517,-0.0055768690545566855
21066240,5143,33,7.8,0,13,65,325,0.008853211009174314,-0.20284403669724776,0,0,,0.036403700193530834,-0.012568976705226203,0.13057798165137613,0.9972230846221236,0.0,0.0,0.07447227334207575,0.0338620465895476,-0.012,0.05738532110091743,0.9995555206844364,0.0,0.0,-0.029812096022675285,0.0,0.0,0.04,1.0,0.0,0.0,0.0,0.03543355961428625,-0.012568976705226203,0.1832144282382346,0.9954475741966067,0.0,0.0,0.09531068684093714,-21.565603059379498,1.970461193242797,3.5822902865269377,21.94973248870563,21.842966820532332,1.9958040749724975,3.6283635405266783,22.232036690568332,0.05133177147897896,0.23557652997698791,-7.276428257612553,7.280421652653205,0.011852603269628873,-0.0008531411466801863,0.010750213860428908,-0.0062961505122796175
21070336,5144,33,7.92,0,13,66,330,0.009220183486238535,-0.19362385321100922,0,0,,0.036455210868866876,-0.012615409088123492,0.1316330275229358,0.9971370249212252,0.0,0.0,0.07561582857608537,0.03376918182375302,-0.012,0.05742201834862386,0.9995417402482775,0.0,0.0,-0.030270604576800718,0.0,0.0,0.04,1.0,0.0,0.0,0.0,0.03554127506810217,-0.012615409088123492,0.18419759307562109,0.9955328102442389,0.0,0.0,0.09441622597418403,-21.2642893789768,1.942929994018185,3.6362009477010155,21.660261704018787,21.98340638077212,2.0086361160096353,3.759170207422493,22.39276972143204,-0.07330953935166575,0.15442148077680573,-6.932693202570236,6.9348003088228,0.012030783216595512,0.0023540978987193384,0.010802305436359745,-0.005358502145524566
21074432,5145,33,8.04,0,13,67,335,0.009587155963302754,-0.18403669724770647,0,0,,0.036487401345830395,-0.012659797143919165,0.1326880733944954,0.997049653860651,0.0,0.0,0.07675928436584013,0.03368040571216167,-0.012,0.05745871559633028,0.9995277494885509,0.0,0.0,-0.030729106761385697,0.0,0.0,0.04,1.0,0.0,0.0,0.0,0.03565693387064644,-0.012659797143919165,0.18517447442665982,0.9956245850300767,0.0,0.0,0.0934434892525299,-20.95029289561739,1.91423996000565,3.6673024196114405,21.354816648089653,22.038970156416696,2.013713009215739,3.8578729654552384,22.464514894751254,-0.17956851301692311,0.07621680764866241,-6.416773593069919,6.419738094140189,0.012174545528263305,0.004941819508739581,0.010932739961703632,-0.003010680689334603
21078528,5146,33,8.16,0,13,68,340,0.009954128440366975,-0.1740825688073395,0,0,,0.036499844245534964,-0.012701993419955787,0.13374311926605503,0.996960971555305,0.0,0.0,0.07790263920755292,0.03359601316008843,-0.012,0.0574954128440367,0.9995135484082006,0.0,0.0,-0.031187602479952198,0.0,0.0,0.04,1.0,0.0,0.0,0.0,0.03577761870596703,-0.012701993419955787,0.186145137218503,0.9957225942739945,0.0,0.0,0.0923932641065687,-20.65415765357736,1.8871819175857487,3.678286859042368,21.063842911166393,22.00366748600759,2.0104873845083078,3.9186202759763096,22.440120927155167,-0.3296495103011018,0.009734978641616649,-7.355974624306431,7.3633637858584065,0.012246056918821554,0.0062290245387880624,0.011107191564681875,0.00012944816427376177
21082624,5147,33,8.28,0,13,69,345,0.010321100917431193,-0.1637614678899083,0,0,,0.036492374369042235,-0.012741857744447868,0.13479816513761467,0.9968709781218156,0.0,0.0,0.07904589159756935,0.03351628451110426,-0.012,0.05753211009174312,0.999499137010215,0.0,0.0,-0.031646091636023554,0.0,0.0,0.04,1.0,0.0,0.0,0.0,0.03589993541844453,-0.012741857744447868,0.18710965154373232,0.9958265129945417,0.0,0.0,0.09126640135960078,-20.40475557231044,1.8643939101603446,3.6728936598932567,20.816343637989384,21.880660501068583,1.999248167610327,3.938559270845105,22.322019315659507,-0.5080152530870841,-0.07738489013475268,-8.367296152277568,8.383061064939781,0.012226498054841876,0.005876964987153888,0.011279750595685726,0.0032355107223430847
21086720,5148,33,8.4,0,13,70,350,0.010688073394495415,-0.1530733944954129,0,0,,0.03646509089063597,-0.012779257692118438,0.1358532110091743,0.9967796736785351,0.0,0.0,0.08018904003236982,0.03344148461576313,-0.012,0.057568807339449544,0.9994845152976262,0.0,0.0,-0.032104574133124474,0.0,0.0,0.04,1.0,0.0,0.0,0.0,0.036020111528819315,-0.012779257692118438,0.18806809260213703,0.995935996580596,0.0,0.0,0.09006381468167585,-20.22647357561681,1.8481041845741246,3.655075420495801,20.636988605697248,21.6819271655647,1.9810897917774855,3.9180867962753125,22.12198197538106,-0.6937665535290548,-0.1813459442942287,-9.206494178417149,9.234377804678363,0.012121016155247587,0.0039782907944566764,0.011405005464824567,0.005490098366842237
21090816,5149,33,8.52,0,13,71,355,0.011055045871559633,-0.14201834862385326,0,0,,0.036418356041128495,-0.012814069024102486,0.13690825688073394,0.9966870583455405,0.0,0.0,0.08133208300857142,0.03337186195179503,-0.012,0.057605504587155965,0.999469683273511,0.0,0.0,-0.03256304987478108,0.0,0.0,0.04,1.0,0.0,0.0,0.0,0.03613411041249083,-0.012814069024102486,0.1890205406382494,0.9960506819282098,0.0,0.0,0.08878647999751028,-20.136845956668676,1.839914858984955,3.628211494775212,20.543655235175073,21.427073110574707,1.9578036344687546,3.8606817138326655,21.859947860243732,-0.8642421039727635,-0.29205439611378337,-9.772538903382818,9.815025563018127,0.011957370420686685,0.0010326675723604454,0.011449993407321335,0.006299881331784056
21094912,5150,33,8.64,0,13,72,360,0.011422018348623855,-0.1305963302752294,0,0,,0.03635279029868052,-0.012846176100655998,0.13796330275229357,0.9965931322446324,0.0,0.0,0.08247501902292995,0.03330764779868801,-0.012,0.057642201834862385,0.9994546409409906,0.0,0.0,-0.033021518764520905,0.0,0.0,0.04,1.0,0.0,0.0,0.0,0.03623775771224782,-0.012846176100655998,0.18996708087468983,0.9961701886389813,0.0,0.0,0.08743543484752783,-20.144850146535248,1.8406462062824083,3.5945277724008347,20.545646638390917,21.141411713275698,1.9317025930911804,3.772348317229854,21.562035524618103,-0.9967238161054705,-0.39672242533645,-9.99904298512723,10.056426187606547,0.01177862676861361,-0.0021847181649549082,0.011402875147174066,0.0054517526491332045
21099008,5151,33,8.76,0,13,73,365,0.011788990825688073,-0.11880733944954133,0,0,,0.036269264150984,-0.012875472265299535,0.1390183486238532,0.9964978954993353,0.0,0.0,0.08361784657234181,0.033249055469400934,-0.012,0.057678899082568805,0.9994393883032299,0.0,0.0,-0.03347998070587293,0.0,0.0,0.04,1.0,0.0,0.0,0.0,0.03632687613480858,-0.012875472265299535,0.19090780344137678,0.9962941202760691,0.0,0.0,0.0860117777012749,-20.250022641277052,1.8502558758527257,3.5548354377346034,20.64276431991933,20.85349394535385,1.9053953858698949,3.6607731552073393,21.257939726118583,-1.0740491212641972,-0.4828528394596689,-9.86619933179384,9.936227535345186,0.0116318243680378,-0.0048271613753194725,0.01127605058657113,0.0031689105582803395
21103104,5152,33,8.879999999999999,0,13,74,370,0.012155963302752298,-0.10665137614678903,0,0,,0.03616888653817766,-0.012901860199120345,0.14007339449541284,0.9964013482348977,0.0,0.0,0.08476056415384615,0.03319627960175932,-0.012,0.05771559633027523,0.9994239253634385,0.0,0.0,-0.033938435602367596,0.0,0.0,0.04,1.0,0.0,0.0,0.0,0.036397424473694345,-0.012901860199120345,0.1918428033006608,0.9964220656737814,0.0,0.0,0.08451666722247436,-20.44247940344823,1.8678407576754725,3.50863099753747,20.825327962203126,20.592316838724845,1.8815314878022702,3.534348243456005,20.977971566193972,-1.0890912943832396,-0.541369471403438,-9.40621957345763,9.484522519144885,0.01155559655139701,-0.0061992620748537175,0.01110289557898513,5.212042173237255e-05
21107200,5153,33,9.0,0,13,75,375,0.012522935779816516,-0.09412844036697252,0,0,,0.03605299012993368,-0.012925252244055998,0.14112844036697247,0.9963034905782909,0.0,0.0,0.08590317026462667,0.033149495511888005,-0.012,0.05775229357798165,0.9994082521248702,0.0,0.0,-0.03439688335753682,0.0,0.0,0.04,1.0,0.0,0.0,0.0,0.03644563651993525,-0.012925252244055998,0.19277218016844413,0.9965536002964874,0.0,0.0,0.08295132148500507,-20.70384538980604,1.8917219137893846,3.4545207896610437,21.075140322434496,20.384469823907875,1.862540390001735,3.4012316778399034,20.75003719593149,-1.0468193724159502,-0.5691033733781363,-8.70127432862707,8.782475982892304,0.011570003852917765,-0.0059399306474801185,0.010928978554803398,-0.003078386013538807
21111296,5154,33,9.12,0,13,76,380,0.012889908256880737,-0.08123853211009177,0,0,,0.03592311363218524,-0.01294557069408566,0.1421834862385321,0.9962043226582101,0.0,0.0,0.08704566340201367,0.03310885861182868,-0.012,0.05778899082568807,0.9993923685908227,0.0,0.0,-0.03485532387491404,0.0,0.0,0.04,1.0,0.0,0.0,0.0,0.03646815547304623,-0.01294557069408566,0.193696038431352,0.9966882876424278,0.0,0.0,0.08131701713912688,-21.00901509142632,1.9196054398257552,3.390863399840074,21.367301063839637,20.25148905090367,1.8503898625191169,3.2685983953143602,20.596856238077603,-1.1047687982719891,-0.65370141707346,-9.030716797616128,9.121495793950972,0.01167125476737264,-0.0041174141872923585,0.010800068480919137,-0.005398767343455518
21115392,5155,33,9.24,0,13,77,385,0.013256880733944956,-0.06798165137614681,0,0,,0.03578098135840065,-0.012962748053361676,0.14323853211009174,0.9961038446050737,0.0,0.0,0.08818804206348604,0.03307450389327665,-0.012,0.0578256880733945,0.9993762747646384,0.0,0.0,-0.03531375705803419,0.0,0.0,0.04,1.0,0.0,0.0,0.0,0.036462159549768676,-0.012962748053361676,0.19461448706002418,0.996825680687846,0.0,0.0,0.07961508852731594,-21.328585624226893,1.9488047778481425,3.3164788263894325,21.672688725629577,20.20767815561566,1.8463868365537153,3.1421838238287236,20.53369718228737,-1.25553787887565,-0.8080611822526501,-10.305952269937093,10.4135484072326,0.011832703543585774,-0.0012113362154559638,0.01075009004602553,-0.006298379171540459
21119488,5156,33,9.36,0,13,78,390,0.013623853211009177,-0.05435779816513764,0,0,,0.035628480336627466,-0.012976727260423983,0.14429357798165138,0.9960020565510226,0.0,0.0,0.08933030474667325,0.03304654547915204,-0.012,0.05786238532110092,0.9993599706497038,0.0,0.0,-0.035772182810433775,0.0,0.0,0.04,1.0,0.0,0.0,0.0,0.036425474705369026,-0.012976727260423983,0.19552763951859886,0.9969653233667237,0.0,0.0,0.07784692674912785,-21.631733389154725,1.9765035583999242,3.23126402874981,21.96086343838355,20.25861759307434,1.8510412013976556,3.0261533425480662,20.566855480707492,-1.3554355411974592,-0.9514536118618248,-11.410088898386228,11.529639983578967,0.012011862427823955,0.0020135237008312833,0.010792195851731197,-0.005540474668838436
21123584,5157,33,9.48,0,13,79,395,0.013990825688073395,-0.04036697247706424,0,0,,0.03546763525624625,-0.012987461877752552,0.145348623853211,0.995898958629921,0.0,0.0,0.09047244994935723,0.0330250762444949,-0.012,0.05789908256880734,0.9993434562494495,0.0,0.0,-0.036230601035650845,0.0,0.0,0.04,1.0,0.0,0.0,0.0,0.03635667072593569,-0.012987461877752552,0.1964356136704638,0.9971067520812712,0.0,0.0,0.07601397867457244,-21.889253377584424,2.000033303535633,3.1365824939848213,22.20310105334196,20.40052374137884,1.8640072454051733,2.923257569893046,20.693026041481264,-1.3832011304306815,-1.06532979275624,-12.208716744814764,12.33292088232464,0.012161582976282429,0.004708493573083843,0.010915305101107711,-0.0033245081800611725
21127680,5158,33,9.6,0,13,80,400,0.014357798165137617,-0.026009174311926626,0,0,,0.03530058158705501,-0.012994916246028155,0.14640366972477065,0.9957945509773554,0.0,0.0,0.09161447616947448,0.033010167507943694,-0.012,0.05793577981651376,0.9993267315673506,0.0,0.0,-0.03668901163722504,0.0,0.0,0.04,1.0,0.0,0.0,0.0,0.03625513741041233,-0.012994916246028155,0.1973385316803536,0.9972494972382184,0.0,0.0,0.07411774590555668,-22.07645525978184,2.0171380440409803,3.0353533175467367,22.375256255252335,20.620537269785636,1.8841100043458956,2.83517509830781,20.89963266761307,-1.3291596576206244,-1.1340809214384722,-12.60454321344417,12.725066386915175,0.012242463900571699,0.006164350210290704,0.011087019682552879,-0.0002336457140481495
21131776,5159,33,9.719999999999999,0,13,81,405,0.014724770642201835,-0.011284403669724791,0,0,,0.03512953722757052,-0.012999065602589031,0.14745871559633028,0.9956888337306349,0.0,0.0,0.09275638190511791,0.03300186879482194,-0.012,0.057972477064220186,0.9993097966069261,0.0,0.0,-0.037147414518697595,0.0,0.0,0.04,1.0,0.0,0.0,0.0,0.03612113812479078,-0.012999065602589031,0.1982365199128737,0.9973930848058494,0.0,0.0,0.07215978368503917,-22.175618332251197,2.026198629342749,2.931838082806857,22.460169274674275,20.897925634454413,1.9094551341125856,2.7629143552516773,21.166081603991596,-1.1978504696813603,-1.1485694975397243,-12.553543713895056,12.662761050223946,0.012233220128896726,0.005997962320141189,0.011262150236196833,0.0029187042515430345
21135872,5160,33,9.84,0,13,82,410,0.015091743119266057,0.003807339449541265,0,0,,0.0349567730589595,-0.012999896163689973,0.14851376146788992,0.995581807028791,0.0,0.0,0.09389816565453894,0.03300020767262006,-0.012,0.058009174311926606,0.9992926513717396,0.0,0.0,-0.0376058095836114,0.0,0.0,0.04,1.0,0.0,0.0,0.0,0.035955838661548535,-0.012999896163689973,0.1991297088275362,0.9975370378866499,0.0,0.0,0.0701416997536302,-22.1777495275002,2.026393357842658,2.831192764292383,22.44937630790276,21.206088096784118,1.9376121103660615,2.7071512871093986,21.46581424381811,-1.0071131448759731,-1.1084047607138323,-12.074311030572577,12.166832984107314,0.012136284303385276,0.004253117460935086,0.011394608436014957,0.005302951848269262
21139968,5161,33,9.959999999999999,0,13,83,415,0.015458715596330275,0.01926605504587154,0,0,,0.03478458279554244,-0.012997405170290528,0.14956880733944955,0.995473471012577,0.0,0.0,0.09503982591614937,0.03300518965941895,-0.012,0.058045871559633026,0.9992752958653988,0.0,0.0,-0.038064196735510945,0.0,0.0,0.04,1.0,0.0,0.0,0.0,0.035761310055966423,-0.012997405170290528,0.20001823287039375,0.9976808783003679,0.0,0.0,0.06806515315347793,-22.083460868167464,2.0177781503909356,2.7388994279107326,22.34395315641994,21.515165602745704,1.96585269466712,2.6684166540991474,21.768954388545527,-0.7837121410194292,-1.0223462877245961,-11.248818729372791,11.322337190628692,0.011977166592518402,0.0013889986653313274,0.01144953584885079,0.006291645279314254
21144064,5162,33,10.08,0,13,84,420,0.0158256880733945,0.035091743119266036,0,0,,0.0346152525321515,-0.012991600897220259,0.15062385321100918,0.9953638258244685,0.0,0.0,0.09618136118852347,0.033016798205559486,-0.012,0.058082568807339446,0.9992577300915556,0.0,0.0,-0.03852257587794242,0.0,0.0,0.04,1.0,0.0,0.0,0.0,0.0355405047762075,-0.012991600897220259,0.2009022303623625,0.9978241281722467,0.0,0.0,0.06593185297938914,-21.902876008510674,2.001278010929909,2.660207227578063,22.15440799513457,21.79499312981878,1.99142069206466,2.6471043449467326,22.045286192623287,-0.5788641067507306,-0.9430179297648043,-10.623841487459275,10.68130958359522,0.011797741293967951,-0.0018406567085767745,0.01141247747266275,0.005624594507929526
21148160,5163,33,10.2,0,13,85,425,0.016192660550458718,0.051284403669724754,0,0,,0.03445103039264913,-0.012982502625690595,0.15167889908256882,0.9952528716086624,0.0,0.0,0.09732276997039978,0.03303499474861881,-0.012,0.05811926605504587,0.9992399540539062,0.0,0.0,-0.03898094691445368,0.0,0.0,0.04,1.0,0.0,0.0,0.0,0.03529720649330513,-0.012982502625690595,0.20178184338432603,0.9979663115211549,0.0,0.0,0.06374355707725517,-21.654577977212867,1.9785908811666577,2.599691951364055,21.8996339578591,22.01809619566822,2.0118057437666392,2.643333318454517,22.267265962951168,-0.4656308052846286,-1.0424630685615,-12.197492144888841,12.250810418938398,0.011645226962603972,-0.004585914673128389,0.011293185794884699,0.0034773443079245845
21152256,5164,33,10.32,0,13,86,430,0.01655963302752294,0.0678440366972477,0,0,,0.03429409668257057,-0.012970140579244581,0.15273394495412845,0.9951406085110774,0.0,0.0,0.0984640507606833,0.03305971884151084,-0.012,0.058155963302752293,0.999221967756191,0.0,0.0,-0.03943930974859431,0.0,0.0,0.04,1.0,0.0,0.0,0.0,0.03503595442701844,-0.012970140579244581,0.20265721765911637,0.9981069558423311,0.0,0.0,0.06150207068997751,-21.363709601008875,1.952014075219085,2.560995724436918,21.60502594228196,22.162429233861754,2.024993534058434,2.656743026893391,22.41276760843817,-0.2868647416677108,-1.1032381333664565,-13.614890798771528,13.662528214843679,0.011559760114191834,-0.006124317944546878,0.011123054273842786,0.00041497692917017673
21156352,5165,33,10.44,0,13,87,435,0.016926605504587154,0.08477064220183486,0,0,,0.0341465349421607,-0.012954555823357314,0.1537889908256881,0.9950270366793537,0.0,0.0,0.09960520205844728,0.03309088835328538,-0.012,0.058192660550458714,0.9992037712021947,0.0,0.0,-0.03989766428391559,0.0,0.0,0.04,1.0,0.0,0.0,0.0,0.034761944030284195,-0.012954555823357314,0.20352850243046972,0.9982455936794634,0.0,0.0,0.05920924505122265,-21.05942368026351,1.9242113007347368,2.5467483554174875,21.299949344083906,22.213580467252775,2.0296672508149745,2.6863223031088266,22.46728808379696,-0.05186930859569511,-1.1101127653919138,-14.699143982960916,14.741094756118908,0.011563832677706557,-0.006051011801281867,0.010946855662467302,-0.0027565980755885375
21160448,5166,33,10.559999999999999,0,13,88,440,0.017293577981651376,0.10206422018348624,0,0,,0.03401030428412126,-0.012935800129020555,0.15484403669724772,0.9949121562628522,0.0,0.0,0.10074622236293532,0.03312839974195889,-0.012,0.05822935779816514,0.9991853643957463,0.0,0.0,-0.040356010423970565,0.0,0.0,0.04,1.0,0.0,0.0,0.0,0.03448090649574088,-0.012935800129020555,0.20439585033905733,0.9983817641808489,0.0,0.0,0.056866975927473,-20.771943895854253,1.8979441123115561,2.558617106245712,21.01481302706137,22.16622173058325,2.0253400566015154,2.7303594880219713,22.425392997405584,0.21570188372887358,-1.056795123524026,-15.313620587122898,15.351557534077855,0.01165637289478778,-0.0043852878938198435,0.010810959362768283,-0.005202731470170904
21164544,5167,33,10.68,0,13,89,445,0.017660550458715597,0.11972477064220183,0,0,,0.0338872133833282,-0.01291393580076471,0.15589908256880736,0.994795967412655,0.0,0.0,0.10188711017356325,0.033172128398470585,-0.012,0.05826605504587156,0.9991667473407189,0.0,0.0,-0.040814348072314044,0.0,0.0,0.04,1.0,0.0,0.0,0.0,0.0341989702208257,-0.01291393580076471,0.20525941729569522,0.9985150146344204,0.0,0.0,0.05447720210898536,-20.529534595675607,1.8757950391987863,2.597398160082473,20.778038284355052,22.024656610749673,2.0124051725558076,2.78656110252298,22.29125829059595,0.474645534048088,-0.9306407031596848,-15.112270457822973,15.148336505760566,0.01181302736960316,-0.0015655073471429885,0.010751128597300265,-0.006279685248595192
21168640,5168,33,10.799999999999999,0,13,90,450,0.01802752293577982,0.13775229357798163,0,0,,0.03377889646384627,-0.012889035469689437,0.156954128440367,0.9946784702815651,0.0,0.0,0.10302786398992117,0.03322192906062113,-0.012,0.05830275229357798,0.9991479200410298,0.0,0.0,-0.04127267713250262,0.0,0.0,0.04,1.0,0.0,0.0,0.0,0.03392250793348464,-0.012889035469689437,0.20611936235183712,0.9986449019764854,0.0,0.0,0.052041903850414864,-20.355685371875214,1.859910338546974,2.66306010406054,20.61322591308909,21.802409472194906,1.9920983274086717,2.8523297436113366,22.078253995857747,0.6899901501185687,-0.7654297249863685,-14.351130438966058,14.388082358235632,0.011992570043316702,0.0016662607797007546,0.010783108761528618,-0.005704042292484876
21172736,5169,33,10.92,0,13,91,455,0.01839449541284404,0.15614678899082568,0,0,,0.0336867916020507,-0.012861181852190451,0.15800917431192663,0.9945596650241058,0.0,0.0,0.10416848231177539,0.0332776362956191,-0.012,0.0583394495412844,0.9991288825006408,0.0,0.0,-0.0417309975080947,0.0,0.0,0.04,1.0,0.0,0.0,0.0,0.03365797364135704,-0.012861181852190451,0.20697584756745874,0.9987709942691023,0.0,0.0,0.049563101262015276,-20.26679402598941,1.851788286638626,2.7546777392023687,20.53680377754214,21.520893734999856,1.9663760773096315,2.9251359057343396,21.80761156334155,0.8405654076025986,-0.5851560977066852,-13.184599263955059,13.22431909832131,0.012147751471960653,0.004459526495291869,0.010898483778391912,-0.0036272919889455534
21176832,5170,33,11.04,0,13,92,460,0.018761467889908262,0.17490825688073394,0,0,,0.033612121633916005,-0.012830467475183958,0.15906422018348626,0.9944395517965207,0.0,0.0,0.10530896363907043,0.033339065049632084,-0.012,0.05837614678899083,0.9991096347235577,0.0,0.0,-0.04218930910265051,0.0,0.0,0.04,1.0,0.0,0.0,0.0,0.03341173390921266,-0.012830467475183958,0.20782903787644322,0.9988928721411107,0.0,0.0,0.047042852652476666,-20.2705805497697,1.8521342634307343,2.8702448771871327,20.55638934272006,21.20729146992693,1.9377220632420546,3.0028799397787203,21.50630759143782,0.9197435455153764,-0.41024195174258865,-11.775537432310545,11.818523954717593,0.012237733251684315,0.0060791985303177845,0.01106689091973307,-0.0005959634448047241
21180928,5171,33,11.16,0,13,93,465,0.019128440366972477,0.19403669724770642,0,0,,0.03355587791995749,-0.012796994368741559,0.1601192660550459,0.9943181307567739,0.0,0.0,0.10644930647193093,0.03340601126251689,-0.012,0.05841284403669725,0.9990901767138307,0.0,0.0,-0.04264761181973212,0.0,0.0,0.04,1.0,0.0,0.0,0.0,0.033189898181723576,-0.012796994368741559,0.20867910094957914,0.9990101301879482,0.0,0.0,0.04448325282461905,-20.36538917939135,1.8607969808580929,3.0064122614173203,20.670030394695633,20.8918583553205,1.9089007634302992,3.084131541507158,21.204374903041096,1.1390179922431238,-0.3113708675665265,-12.53876547033767,12.594242864259643,0.012238835279193942,0.006099035025491074,0.011244011229930068,0.0025922021387412442
21185024,5172,33,11.28,0,13,94,470,0.0194954128440367,0.2135321100917431,0,0,,0.03351880718337118,-0.012760873727156601,0.16117431192660553,0.9941954020645491,0.0,0.0,0.10758950931066374,0.0334782525456868,-0.012,0.05844954128440367,0.999070508475554,0.0,0.0,-0.043105905562903474,0.0,0.0,0.04,1.0,0.0,0.0,0.0,0.03299815294443741,-0.012760873727156601,0.20952620705528532,0.9991223783255132,0.0,0.0,0.04188643132531201,-20.54044261141333,1.876791710687512,3.1582437702447432,20.86639962979621,20.604928639620894,1.8826838350922641,3.1681589702580673,20.931908989091596,1.4053227368837133,-0.2003458549253822,-13.81968914396647,13.892403625444114,0.012150767538829247,0.004513815698926537,0.011383232747608451,0.005098189456952133
21189120,5173,33,11.4,0,13,95,475,0.01986238532110092,0.23339449541284402,0,0,,0.033501401596116455,-0.01272222553956793,0.16222935779816514,0.9940713658812501,0.0,0.0,0.10872957065575974,0.033555548920864146,-0.012,0.058486238532110095,0.9990506300128663,0.0,0.0,-0.043564190235730424,0.0,0.0,0.04,1.0,0.0,0.0,0.0,0.03284160445219729,-0.01272222553956793,0.2103705289181777,0.9992292430934838,0.0,0.0,0.039254550651147,-20.777012307791626,1.8984072159403516,3.3191056761876863,21.12592371673628,20.373925885946452,1.8615769845027215,3.254713047886707,20.716068205606806,1.6306316984160791,-0.0586080482985233,-14.76595324868933,14.855832860586567,0.011996706424690093,0.0017407156444217862,0.011447917167441727,0.0062625090139511175
21193216,5174,33,11.52,0,13,96,480,0.02022935779816514,0.25362385321100916,0,0,,0.03350389224456421,-0.012681178191368027,0.1632844036697248,0.9939460223699996,0.0,0.0,0.10986948900789596,0.03363764361726395,-0.012,0.058522935779816515,0.9990305413299504,0.0,0.0,-0.04402246574178069,0.0,0.0,0.04,1.0,0.0,0.0,0.0,0.03272463455244577,-0.012681178191368027,0.21121224157559612,0.9993303689036601,0.0,0.0,0.0365898044115385,-21.05037349331841,1.9233843801001593,3.4807919825807434,21.422734291117322,20.220682370721146,1.84757503894914,3.3435981124353202,20.578366733043268,1.7821038453861817,0.10080462421852791,-15.246722836455797,15.350850560790002,0.01181719551246,-0.0014904807757198817,0.011421041779411807,0.005778752029412559
21197312,5175,33,11.639999999999999,0,13,97,485,0.020596330275229356,0.2742201834862385,0,0,,0.033526246061464114,-0.012637868037719652,0.1643394495412844,0.9938193716956403,0.0,0.0,0.11100926286793743,0.033724263924560696,-0.012,0.058559633027522935,0.9990102424310333,0.0,0.0,-0.044480731984623954,0.0,0.0,0.04,1.0,0.0,0.0,0.0,0.03265077379616458,-0.012637868037719652,0.21205152223221005,0.9994254192290836,0.0,0.0,0.03389441545108227,-21.332334712806247,1.9491473341650378,3.6339451197913104,21.727246414654946,20.159333436770474,1.8419695525983175,3.4341253476029325,20.532530125404428,1.8373906018574324,0.2599176326467843,-15.195884438584775,15.308770860862007,0.011659475887578909,-0.004329434023579535,0.011309679259415548,0.003774226669479894
21201408,5176,33,11.76,0,13,98,490,0.020963302752293585,0.2951834862385321,0,0,,0.03356816626496403,-0.012592438950597704,0.16539449541284407,0.9936914140247334,0.0,0.0,0.11214889073693925,0.0338151220988046,-0.012,0.058596330275229355,0.9989897333203864,0.0,0.0,-0.04493898886783183,0.0,0.0,0.04,1.0,0.0,0.0,0.0,0.03262259557087838,-0.012592438950597704,0.21288855011282404,0.9995140777298768,0.0,0.0,0.031170633933141557,-21.594078774187146,1.973063035204917,3.768765922858234,22.009107488219268,20.19498838868755,1.845227365463837,3.5245858296480312,20.58312719972447,1.7901182942173817,0.4001761955845417,-14.620817574521796,14.73543250272111,0.011565053919670807,-0.00602902944592538,0.011143136384721211,0.0007764549249818228
21205504,5177,33,11.879999999999999,0,13,99,495,0.0213302752293578,0.3165137614678899,0,0,,0.03362909629885294,-0.012545041840860987,0.16644954128440367,0.9935621495255593,0.0,0.0,0.11328837111614846,0.033909916318278034,-0.012,0.05863302752293578,0.9989690140023253,0.0,0.0,-0.04539723629497791,0.0,0.0,0.04,1.0,0.0,0.0,0.0,0.032641634421100386,-0.012545041840860987,0.213723506313505,0.9995960493119582,0.0,0.0,0.028420735386776506,-21.809029260152982,1.9927031811307292,3.8759362382112994,22.240222682360375,20.323296125533805,1.8569509150233932,3.611889323142814,20.725114633930897,1.6514549899711706,0.5069510689615987,-13.601119619703336,13.710388684486702,0.011558778216533061,-0.006141992102404787,0.0109652415002194,-0.002425652996050785
21209600,5178,33,12.0,0,13,100,500,0.02169724770642202,0.3382110091743119,0,0,,0.03370822722171433,-0.012495834156941516,0.1675045871559633,0.9934315783681169,0.0,0.0,0.11442770250700615,0.03400833168611697,-0.012,0.0586697247706422,0.9989480844812095,0.0,0.0,-0.045855474169637776,0.0,0.0,0.04,1.0,0.0,0.0,0.0,0.032708331058024356,-0.012495834156941516,0.21455657365115532,0.9996710611150118,0.0,0.0,0.025647018719263975,-21.955464343911334,2.0060830364995126,3.947619624146655,22.397555322022107,20.530932779417647,1.8759227920280082,3.6914870882492243,20.94433966582205,1.4473724608920584,0.5731211645611278,-12.277571883261952,12.375868707225408,0.011642300326945873,-0.004638594114974189,0.010822810408546699,-0.004989412646159406
21213696,5179,33,12.12,0,13,101,505,0.022064220183486243,0.36027522935779815,0,0,,0.03380450844688767,-0.01244497936181666,0.16855963302752294,0.9932997007241238,0.0,0.0,0.11556688341114926,0.03411004127636669,-0.012,0.05870642201834862,0.9989269447614432,0.0,0.0,-0.04631370239538902,0.0,0.0,0.04,1.0,0.0,0.0,0.0,0.03282200582119708,-0.01244497936181666,0.21538793651165647,0.9997388634263253,0.0,0.0,0.02285180419658661,-22.018633166915514,2.0118548071293367,3.9783751056814567,22.46542309384952,20.796950566798383,1.900228985798837,3.757638804453952,21.218950786055935,1.3373420587873595,0.6628503307965411,-11.950102845617558,12.042956960982446,0.01179364010995225,-0.0019144780208593985,0.010753326064290228,-0.006240130842775869
21217792,5180,33,12.24,0,13,102,510,0.022431192660550464,0.3827064220183486,0,0,,0.03391666169064811,-0.01239264639000157,0.16961467889908258,0.9931665167670153,0.0,0.0,0.11670591233041272,0.034214707219996865,-0.012,0.05874311926605505,0.9989055948474745,0.0,0.0,-0.046771920875811245,0.0,0.0,0.04,1.0,0.0,0.0,0.0,0.03298086156162756,-0.01239264639000157,0.21621778069670933,0.999799230517365,0.0,0.0,0.020037431394389835,-21.992183070081502,2.009438047012523,3.965823721908507,22.43706119896305,21.094849768079214,1.9274482021595223,3.8040086949873992,21.521575812690376,1.3807125679259993,0.8464376161545404,-13.325617795146208,13.423669895210754,0.011972970150434938,0.0013134627078290068,0.010775074352151809,-0.005848661661267428
21221888,5181,33,12.36,0,13,103,515,0.02279816513761468,0.40550458715596327,0,0,,0.034043197943420526,-0.012339009086365706,0.1706697247706422,0.993032026671945,0.0,0.0,0.11784478776683126,0.034321981827268595,-0.012,0.05877981651376147,0.998884034743796,0.0,0.0,-0.04723012951448613,0.0,0.0,0.04,1.0,0.0,0.0,0.0,0.033182016091230074,-0.012339009086365706,0.2170462932694985,0.9998519614002119,0.0,0.0,0.017206257122018682,-21.878771752533112,1.99907559160201,3.9109471494820847,22.31529664213366,21.39517408811352,1.9548890029748394,3.8245014875157533,21.82205024516822,1.3450007155844255,1.0210430969186284,-14.436262047914562,14.534690153104268,0.012133096962164356,0.004195745318958534,0.010882331872298649,-0.003918026298624296
21225984,5182,33,12.48,0,13,104,520,0.0231651376146789,0.4286697247706422,0,0,,0.03418243723870852,-0.012284245628637665,0.17172477064220185,0.9928962306157842,0.0,0.0,0.11898350822264152,0.03443150874272467,-0.012,0.05881651376146789,0.9988622644549441,0.0,0.0,-0.04768832821499742,0.0,0.0,0.04,1.0,0.0,0.0,0.0,0.03342156351155192,-0.012284245628637665,0.21787366239930886,0.9998968805012621,0.0,0.0,0.014360653322351761,-21.689811215007,1.9818101617772892,3.8179635087892545,22.112266446803087,21.668386015459788,1.9798525293313511,3.8141921237260603,22.090423945899435,1.2222083980613319,1.164801569380709,-15.127935420997256,15.221858827560673,0.01223188068689926,0.005973852364186805,0.011046872141948261,-0.0009563014449312623
21230080,5183,33,12.6,0,13,105,525,0.023532110091743122,0.4522018348623853,0,0,,0.034332530957275016,-0.01222853793551669,0.17277981651376145,0.9927591287771217,0.0,0.0,0.12012207220028391,0.034542924128966625,-0.012,0.05885321100917431,0.9988402839855,0.0,0.0,-0.04814651688093094,0.0,0.0,0.04,1.0,0.0,0.0,0.0,0.03369466291955536,-0.01222853793551669,0.21870007720522305,0.9999338382498687,0.0,0.0,0.01150300495024304,-21.444365717379096,1.9593836696082423,3.6938032326902444,21.848207883194085,21.88775435563767,1.9998963370633405,3.7701771579871037,22.299946454965824,1.021401160984412,1.2586736955254882,-15.304224720673382,15.389828267538867,0.012243324852768928,0.006179847349840805,0.011225393832840085,0.002257088991121564
21234176,5184,33,12.719999999999999,0,13,106,530,0.023899082568807344,0.47610091743119265,0,0,,0.03449148637045145,-0.012172071062357036,0.17383486238532112,0.9926207213362636,0.0,0.0,0.1212604782024047,0.03465585787528593,-0.012,0.05888990825688074,0.9988180933400886,0.0,0.0,-0.048604695415874644,0.0,0.0,0.04,1.0,0.0,0.0,0.0,0.03399565221350993,-0.012172071062357036,0.21952572759903055,0.999962711579903,0.0,0.0,0.00863570783246624,-21.167300270620842,1.934068045031346,3.5472806731443964,21.54944129492689,22.031981934174592,2.013074491447425,3.692186660886432,22.429733373242307,0.7664924476175634,1.2907977950599914,-14.940057685338259,15.015291980551735,0.012164417749727874,0.0047595194951018235,0.011370916188497924,0.004876491392962654
21238272,5185,33,12.84,0,13,107,535,0.024266055045871558,0.5003669724770642,0,0,,0.03465719309672497,-0.0121150325864327,0.17488990825688072,0.9924810084752327,0.0,0.0,0.12239872473185782,0.0347699348271346,-0.012,0.05892660550458716,0.9987956925233795,0.0,0.0,-0.049062863723418594,0.0,0.0,0.04,1.0,0.0,0.0,0.0,0.034318184010359264,-0.0121150325864327,0.22035080412747737,0.9999834043425018,0.0,0.0,0.005761166512131466,-20.88684541129416,1.908442727935507,3.388109090710154,21.24574658823885,22.08731898042989,2.0181306682626294,3.5828410060690286,22.466848039104427,0.4902554537118742,1.2593355860820314,-14.085538944502026,14.150218510162663,0.012015925007844324,0.002086650141197952,0.011445142740191002,0.006212569323438078
21242368,5186,33,12.959999999999999,0,13,108,540,0.024633027522935787,0.525,0,0,,0.034827451120350954,-0.012057611983824584,0.17594495412844038,0.9923399903777691,0.0,0.0,0.12353681029170703,0.03488477603235084,-0.012,0.05896330275229358,0.9987730815400861,0.0,0.0,-0.04952102170715502,0.0,0.0,0.04,1.0,0.0,0.0,0.0,0.03465538005799392,-0.012057611983824584,0.22117549781398974,0.999995847628581,0.0,0.0,0.002881792080602995,-20.631803018059617,1.885139362056209,3.2259265467739255,20.967394885287213,22.048948200644197,2.0146247086883022,3.447507097011378,22.40759100518153,0.22613111894490717,1.1731131095516483,-12.85926170126697,12.914640573876946,0.011836924799132356,-0.0011353536156174882,0.011428539617655492,0.005913713117798895
21246464,5187,33,13.08,0,13,109,545,0.025,0.55,0,0,,0.035,-0.012,0.177,0.992197667229329,0.0,0.0,0.12467473338522769,0.035,-0.012,0.059,0.9987502603949663,0.0,0.0,-0.04997916927067833,0.0,0.0,0.04,1.0,0.0,0.0,0.0,0.035,-0.012,0.22199999999999998,1.0,0.0,0.0,1.2246467991473533e-17,-20.42866029900424,1.8665780983861737,3.0694839840128196,20.742131214935412,21.921490886263808,2.0029788627043073,3.2937874631137505,22.25786878506459,8.5714476619236e-16,1.0498677252769584,-11.431893008571327,11.480000000000008,0.011674523809466802,-0.004058571429597457,0.011325476190533193,0.004058571429597478
